,date,individual_buy_count,corporate_buy_count,individual_sell_count,corporate_sell_count,individual_buy_vol,corporate_buy_vol,individual_sell_vol,corporate_sell_vol,individual_buy_value,corporate_buy_value,individual_sell_value,corporate_sell_value,individual_buy_mean_price,individual_sell_mean_price,corporate_buy_mean_price,corporate_sell_mean_price,individual_ownership_change,jdate
592,2014-05-06,1,0,2,0,22782,0,22782,0,13669200,0,13669200,0,600.0,600.0,,,0.0,1393-02-16
591,2014-06-14,1,0,2,0,14906,0,14906,0,9241720,0,9241720,0,620.0,620.0,,,0.0,1393-03-24
590,2014-06-15,1,0,1,0,13000,0,13000,0,8450000,0,8450000,0,650.0,650.0,,,0.0,1393-03-25
589,2014-06-29,2,0,1,0,37500,0,37500,0,30435000,0,30435000,0,811.6,811.6,,,0.0,1393-04-08
588,2014-06-30,2,0,2,0,13188,0,13188,0,11185360,0,11185360,0,848.1468001213224,848.1468001213224,,,0.0,1393-04-09
587,2014-07-01,1,0,1,0,13000,0,13000,0,12350000,0,12350000,0,950.0,950.0,,,0.0,1393-04-10
586,2014-08-02,2,0,1,0,6250,0,6250,0,5750000,0,5750000,0,920.0,920.0,,,0.0,1393-05-11
585,2014-08-03,1,0,1,0,10274,0,10274,0,9760300,0,9760300,0,950.0,950.0,,,0.0,1393-05-12
584,2014-09-07,1,0,1,0,10625,0,10625,0,69062500,0,69062500,0,6500.0,6500.0,,,0.0,1393-06-16
583,2014-09-17,1,0,1,0,10625,0,10625,0,10625000,0,10625000,0,1000.0,1000.0,,,0.0,1393-06-26
582,2014-10-14,1,0,1,0,684,0,684,0,684000,0,684000,0,1000.0,1000.0,,,0.0,1393-07-22
581,2014-10-28,1,0,1,0,8000,0,8000,0,5960000,0,5960000,0,745.0,745.0,,,0.0,1393-08-06
580,2014-11-12,2,0,2,0,1645,0,1645,0,2961000,0,2961000,0,1800.0,1800.0,,,0.0,1393-08-21
579,2014-11-23,1,0,1,0,100,0,100,0,179000,0,179000,0,1790.0,1790.0,,,0.0,1393-09-02
578,2014-12-16,1,0,1,0,100,0,100,0,84000,0,84000,0,840.0,840.0,,,0.0,1393-09-25
577,2015-01-04,1,0,2,0,7241,0,7241,0,5358340,0,5358340,0,740.0,740.0,,,0.0,1393-10-14
576,2015-02-01,1,0,1,0,1000,0,1000,0,950000,0,950000,0,950.0,950.0,,,0.0,1393-11-12
575,2015-02-24,1,0,1,0,7000,0,7000,0,5320000,0,5320000,0,760.0,760.0,,,0.0,1393-12-05
574,2015-03-08,1,0,1,0,2000,0,2000,0,1520000,0,1520000,0,760.0,760.0,,,0.0,1393-12-17
573,2015-05-18,1,0,1,0,1000,0,1000,0,800000,0,800000,0,800.0,800.0,,,0.0,1394-02-28
572,2015-06-17,1,0,0,3,49976,0,0,49976,34983200,0,0,34983200,700.0,,,700.0,49976.0,1394-03-27
571,2015-07-04,1,0,1,0,15000,0,15000,0,9150000,0,9150000,0,610.0,610.0,,,0.0,1394-04-13
570,2015-07-15,1,0,0,1,100000,0,0,100000,70000000,0,0,70000000,700.0,,,700.0,100000.0,1394-04-24
569,2015-12-27,2,0,0,1,104000,0,0,104000,55224000,0,0,55224000,531.0,,,531.0,104000.0,1394-10-06
568,2016-01-02,1,0,1,0,70000,0,70000,0,32900000,0,32900000,0,470.0,470.0,,,0.0,1394-10-12
567,2016-01-17,1,0,0,1,50000,0,0,50000,23000000,0,0,23000000,460.0,,,460.0,50000.0,1394-10-27
566,2016-01-18,1,0,1,1,150,0,50,100,67500,0,22500,45000,450.0,450.0,,450.0,100.0,1394-10-28
565,2016-03-05,1,0,2,0,8677,0,8677,0,3991420,0,3991420,0,460.0,460.0,,,0.0,1394-12-15
564,2016-10-19,1,0,0,4,50000,0,0,50000,15000000,0,0,15000000,300.0,,,300.0,50000.0,1395-07-28
563,2016-10-25,1,0,1,0,567,0,567,0,170100,0,170100,0,300.0,300.0,,,0.0,1395-08-04
562,2016-11-02,3,0,1,2,750488,0,50000,700488,224896400,0,14750000,210146400,299.66688341452493,295.0,,300.0,700488.0,1395-08-12
561,2016-11-05,1,0,0,1,300000,0,0,300000,75000000,0,0,75000000,250.0,,,250.0,300000.0,1395-08-15
560,2016-11-06,1,0,0,1,10000,0,0,10000,2700000,0,0,2700000,270.0,,,270.0,10000.0,1395-08-16
559,2016-11-07,10,0,1,2,1968910,0,163900,1805010,518743790,0,48350500,470393290,263.4674972446684,295.0,,260.6042570401272,1805010.0,1395-08-17
558,2016-12-28,2,0,1,0,20000,0,20000,0,4010000,0,4010000,0,200.5,200.5,,,0.0,1395-10-08
557,2017-01-29,2,0,0,1,27000,0,0,27000,5400000,0,0,5400000,200.0,,,200.0,27000.0,1395-11-10
556,2017-02-27,1,0,0,1,400000,0,0,400000,60000000,0,0,60000000,150.0,,,150.0,400000.0,1395-12-09
555,2017-03-04,1,0,0,1,55555,0,0,55555,8333250,0,0,8333250,150.0,,,150.0,55555.0,1395-12-14
554,2017-03-06,2,0,1,1,344445,0,300000,44445,50766750,0,44100000,6666750,147.3871009885468,147.0,,150.0,44445.0,1395-12-16
553,2017-03-07,4,0,1,1,140511,0,500,140011,19072755,0,71105,19001650,135.7385186924867,142.21,,135.7154080750798,140011.0,1395-12-17
552,2017-03-13,9,0,6,1,976226,0,409032,567194,145448329,0,60936423,84511906,148.9904274215192,148.9771533767529,,149.0,567194.0,1395-12-23
551,2017-05-07,1,0,2,0,20010,0,20010,0,3261630,0,3261630,0,163.0,163.0,,,0.0,1396-02-17
550,2017-05-08,1,0,2,0,20001,0,20001,0,3580179,0,3580179,0,179.0,179.0,,,0.0,1396-02-18
549,2017-05-22,1,0,1,0,20590,0,20590,0,4035640,0,4035640,0,196.0,196.0,,,0.0,1396-03-01
548,2017-09-11,5,0,6,0,451100,0,451100,0,315770000,0,315770000,0,700.0,700.0,,,0.0,1396-06-20
547,2017-09-13,46,0,15,0,1714490,0,1714490,0,1200190725,0,1200190725,0,700.0278362661783,700.0278362661783,,,0.0,1396-06-22
546,2017-09-16,23,0,19,0,374245,0,374245,0,325011460,0,325011460,0,868.4456973373058,868.4456973373058,,,0.0,1396-06-25
545,2017-09-18,10,0,13,0,256184,0,256184,0,294611600,0,294611600,0,1150.0,1150.0,,,0.0,1396-06-27
544,2017-09-20,68,2,34,1,1197570,100520,1297570,520,2514897000,211092000,2724897000,1092000,2100.0,2100.0,2100.0,2100.0,-100000.0,1396-06-29
543,2017-09-23,67,0,25,1,1111526,0,1025163,86363,2355912850,0,2152959800,202953050,2119.530132448544,2100.1146159196146,,2350.0,86363.0,1396-07-01
542,2017-09-25,21,0,30,1,299072,0,289842,9230,686440440,0,664749940,21690500,2295.234726086026,2293.4907294318973,,2350.0,9230.0,1396-07-03
541,2017-09-27,21,0,26,1,369968,0,365561,4407,844765890,0,834651825,10114065,2283.348532846084,2283.208069241522,,2295.0,4407.0,1396-07-05
540,2017-10-02,7,0,7,0,28950,0,28950,0,64074000,0,64074000,0,2213.2642487046637,2213.2642487046637,,,0.0,1396-07-10
539,2017-10-04,9,0,11,0,80538,0,80538,0,134901369,0,134901369,0,1675.002719213291,1675.002719213291,,,0.0,1396-07-12
538,2017-10-07,26,0,39,0,682245,0,682245,0,1459294255,0,1459294255,0,2138.959252174805,2138.959252174805,,,0.0,1396-07-15
537,2017-10-09,11,0,7,0,92566,0,92566,0,178059348,0,178059348,0,1923.593414428624,1923.593414428624,,,0.0,1396-07-17
536,2017-10-11,20,0,9,0,348816,0,348816,0,575546400,0,575546400,0,1650.0,1650.0,,,0.0,1396-07-19
535,2017-10-14,4,0,3,0,43167,0,43167,0,72520560,0,72520560,0,1680.0,1680.0,,,0.0,1396-07-22
534,2017-10-16,30,0,22,0,462411,0,462411,0,832341320,0,832341320,0,1800.003287119035,1800.003287119035,,,0.0,1396-07-24
533,2017-10-18,12,0,16,1,152376,0,152132,244,274276800,0,273837600,439200,1800.0,1800.0,,1800.0,244.0,1396-07-26
532,2017-10-21,6,0,11,0,62202,0,62202,0,117945280,0,117945280,0,1896.1653966110412,1896.1653966110412,,,0.0,1396-07-29
531,2017-10-23,4,0,2,0,21074,0,21074,0,35534766,0,35534766,0,1686.189902249217,1686.189902249217,,,0.0,1396-08-01
530,2017-10-25,20,0,17,0,211404,0,211404,0,373169320,0,373169320,0,1765.195171330722,1765.195171330722,,,0.0,1396-08-03
529,2017-10-28,13,0,11,0,112345,0,112345,0,196633750,0,196633750,0,1750.267034580978,1750.267034580978,,,0.0,1396-08-06
528,2017-10-30,19,0,9,0,139534,0,139534,0,261907290,0,261907290,0,1877.014132756174,1877.014132756174,,,0.0,1396-08-08
527,2017-11-01,9,0,9,0,53108,0,53108,0,95776620,0,95776620,0,1803.431121488288,1803.431121488288,,,0.0,1396-08-10
526,2017-11-04,13,0,18,0,328051,0,328051,0,623260270,0,623260270,0,1899.8883405324173,1899.8883405324173,,,0.0,1396-08-13
525,2017-11-06,16,0,8,0,56669,0,56669,0,123332350,0,123332350,0,2176.363620321516,2176.363620321516,,,0.0,1396-08-15
524,2017-11-08,19,0,3,0,61836,0,61836,0,129175404,0,129175404,0,2089.0,2089.0,,,0.0,1396-08-17
523,2017-11-11,41,0,23,0,512407,0,512407,0,1074380440,0,1074380440,0,2096.732558298384,2096.732558298384,,,0.0,1396-08-20
522,2017-11-13,11,0,9,0,77457,0,77457,0,164392200,0,164392200,0,2122.3672489252103,2122.3672489252103,,,0.0,1396-08-22
521,2017-11-15,35,0,33,0,412169,0,412169,0,906771300,0,906771300,0,2199.998786905371,2199.998786905371,,,0.0,1396-08-24
520,2017-11-18,17,0,5,0,73678,0,73678,0,153005546,0,153005546,0,2076.678872933576,2076.678872933576,,,0.0,1396-08-27
519,2017-11-20,14,0,7,0,53856,0,53856,0,111999270,0,111999270,0,2079.60617201426,2079.60617201426,,,0.0,1396-08-29
518,2017-11-22,45,0,15,0,456475,0,456475,0,895769910,0,895769910,0,1962.363568651076,1962.363568651076,,,0.0,1396-09-01
517,2017-11-29,15,0,25,0,245664,0,245664,0,491596080,0,491596080,0,2001.0912465806955,2001.0912465806955,,,0.0,1396-09-08
516,2017-12-02,17,0,6,0,226400,0,226400,0,420440000,0,420440000,0,1857.0671378091872,1857.0671378091872,,,0.0,1396-09-11
515,2017-12-04,7,0,7,0,87350,0,87350,0,168269518,0,168269518,0,1926.3825758443045,1926.3825758443045,,,0.0,1396-09-13
514,2017-12-09,6,0,14,0,124457,0,124457,0,256250384,0,256250384,0,2058.947138369075,2058.947138369075,,,0.0,1396-09-18
513,2017-12-11,16,0,14,1,330939,0,328889,2050,631051703,0,626945553,4106150,1906.8520271107363,1906.2527266038085,,2003.0,2050.0,1396-09-20
512,2017-12-13,12,0,16,0,116777,0,116777,0,225048995,0,225048995,0,1927.168834616405,1927.168834616405,,,0.0,1396-09-22
511,2017-12-16,17,0,28,1,571452,0,215096,356356,1176926552,0,446040396,730886156,2059.537024981976,2073.6805705359466,,2051.0,356356.0,1396-09-25
510,2017-12-18,15,0,44,0,566941,0,566941,0,1267105900,0,1267105900,0,2234.9872385309936,2234.9872385309936,,,0.0,1396-09-27
509,2017-12-20,28,0,27,0,546353,0,546353,0,1363757088,0,1363757088,0,2496.1098191096235,2496.1098191096235,,,0.0,1396-09-29
508,2017-12-23,21,0,17,0,349027,0,349027,0,837526106,0,837526106,0,2399.6026267308835,2399.6026267308835,,,0.0,1396-10-02
507,2017-12-25,15,0,25,0,436732,0,436732,0,1006348400,0,1006348400,0,2304.269895496552,2304.269895496552,,,0.0,1396-10-04
506,2017-12-27,16,0,34,0,349687,0,349687,0,853169397,0,853169397,0,2439.808734668432,2439.808734668432,,,0.0,1396-10-06
505,2017-12-30,25,0,23,0,321191,0,321191,0,831299808,0,831299808,0,2588.179021205451,2588.179021205451,,,0.0,1396-10-09
504,2018-01-01,5,0,3,0,29528,0,29528,0,71688712,0,71688712,0,2427.8214575995667,2427.8214575995667,,,0.0,1396-10-11
503,2018-01-03,7,0,17,0,136426,0,136426,0,315326948,0,315326948,0,2311.340565581341,2311.340565581341,,,0.0,1396-10-13
502,2018-01-06,13,0,24,0,284008,0,284008,0,725449400,0,725449400,0,2554.3273428917496,2554.3273428917496,,,0.0,1396-10-16
501,2018-01-08,21,0,17,0,343846,0,343846,0,940471872,0,940471872,0,2735.1543190847065,2735.1543190847065,,,0.0,1396-10-18
500,2018-01-10,6,0,6,0,73210,0,73210,0,192668220,0,192668220,0,2631.7199836087966,2631.7199836087966,,,0.0,1396-10-20
499,2018-01-13,12,0,6,0,256450,0,256450,0,598283500,0,598283500,0,2332.9440436732307,2332.9440436732307,,,0.0,1396-10-23
498,2018-01-15,18,0,14,0,453386,0,453386,0,997902586,0,997902586,0,2201.0,2201.0,,,0.0,1396-10-25
497,2018-01-20,5,0,2,0,19911,0,19911,0,46322160,0,46322160,0,2326.4607503390084,2326.4607503390084,,,0.0,1396-10-30
496,2018-01-24,2,0,5,0,7950,0,7950,0,18483120,0,18483120,0,2324.9207547169813,2324.9207547169813,,,0.0,1396-11-04
495,2018-01-27,18,0,10,0,190206,0,190206,0,401098600,0,401098600,0,2108.758924534452,2108.758924534452,,,0.0,1396-11-07
494,2018-01-29,9,0,10,0,105905,0,105905,0,214863697,0,214863697,0,2028.834304329352,2028.834304329352,,,0.0,1396-11-09
493,2018-01-31,7,0,5,0,53695,0,53695,0,113134450,0,113134450,0,2106.982959307198,2106.982959307198,,,0.0,1396-11-11
492,2018-02-03,2,0,3,0,2500,0,2500,0,5267000,0,5267000,0,2106.8,2106.8,,,0.0,1396-11-14
491,2018-02-05,5,0,4,0,20124,0,20124,0,40475268,0,40475268,0,2011.293381037567,2011.293381037567,,,0.0,1396-11-16
490,2018-02-07,2,0,7,0,95973,0,95973,0,193000703,0,193000703,0,2010.9895804028215,2010.9895804028215,,,0.0,1396-11-18
489,2018-02-12,4,0,1,0,7250,0,7250,0,14579750,0,14579750,0,2011.0,2011.0,,,0.0,1396-11-23
488,2018-02-14,9,0,9,0,49678,0,49678,0,104566322,0,104566322,0,2104.8818793027094,2104.8818793027094,,,0.0,1396-11-25
487,2018-02-17,23,0,4,0,360354,0,360354,0,702690300,0,702690300,0,1950.0,1950.0,,,0.0,1396-11-28
486,2018-02-19,7,0,14,0,79532,0,79532,0,161173643,0,161173643,0,2026.5257129205852,2026.5257129205852,,,0.0,1396-11-30
485,2018-02-21,3,0,2,0,31000,0,31000,0,62837000,0,62837000,0,2027.0,2027.0,,,0.0,1396-12-02
484,2018-02-24,3,0,3,0,13119,0,13119,0,27654852,0,27654852,0,2108.0,2108.0,,,0.0,1396-12-05
483,2018-02-26,1,0,2,0,600,0,600,0,1260000,0,1260000,0,2100.0,2100.0,,,0.0,1396-12-07
482,2018-03-03,6,0,6,0,20423,0,20423,0,36051080,0,36051080,0,1765.2196053469129,1765.2196053469129,,,0.0,1396-12-12
481,2018-03-07,5,0,5,0,27177,0,27177,0,47637405,0,47637405,0,1752.8573794017,1752.8573794017,,,0.0,1396-12-16
480,2018-03-10,2,0,2,0,3550,0,3550,0,6202350,0,6202350,0,1747.1408450704223,1747.1408450704223,,,0.0,1396-12-19
479,2018-03-17,2,0,2,0,2000,0,2000,0,3490000,0,3490000,0,1745.0,1745.0,,,0.0,1396-12-26
478,2018-03-19,3,0,3,0,5836,0,5836,0,10183820,0,10183820,0,1745.0,1745.0,,,0.0,1396-12-28
477,2018-04-04,2,0,2,0,31000,0,31000,0,53630000,0,53630000,0,1730.0,1730.0,,,0.0,1397-01-15
476,2018-04-09,37,0,12,0,838129,0,838129,0,1174380600,0,1174380600,0,1401.193133753873,1401.193133753873,,,0.0,1397-01-20
475,2018-04-16,2,0,1,0,10002,0,10002,0,14012802,0,14012802,0,1401.0,1401.0,,,0.0,1397-01-27
474,2018-04-18,3,0,2,0,3200,0,3200,0,4240000,0,4240000,0,1325.0,1325.0,,,0.0,1397-01-29
473,2018-04-23,15,0,7,0,323046,0,323046,0,339223300,0,339223300,0,1050.0773883595523,1050.0773883595523,,,0.0,1397-02-03
472,2018-04-25,7,0,2,0,42266,0,42266,0,46450334,0,46450334,0,1099.0,1099.0,,,0.0,1397-02-05
471,2018-04-28,4,0,6,0,54571,0,54571,0,57354121,0,57354121,0,1051.0,1051.0,,,0.0,1397-02-08
470,2018-05-09,2,0,3,0,19400,0,19400,0,20879400,0,20879400,0,1076.2577319587629,1076.2577319587629,,,0.0,1397-02-19
469,2018-05-12,1,0,1,0,5000,0,5000,0,5495000,0,5495000,0,1099.0,1099.0,,,0.0,1397-02-22
468,2018-05-14,7,0,4,0,95750,0,95750,0,107109250,0,107109250,0,1118.634464751958,1118.634464751958,,,0.0,1397-02-24
467,2018-05-16,1,0,1,0,1000,0,1000,0,1134000,0,1134000,0,1134.0,1134.0,,,0.0,1397-02-26
466,2018-05-19,5,0,3,0,32000,0,32000,0,33932000,0,33932000,0,1060.375,1060.375,,,0.0,1397-02-29
465,2018-05-21,5,0,9,0,173214,0,173214,0,177544350,0,177544350,0,1025.0,1025.0,,,0.0,1397-02-31
464,2018-05-23,6,0,4,0,96945,0,96945,0,103173225,0,103173225,0,1064.2449326937954,1064.2449326937954,,,0.0,1397-03-02
463,2018-05-26,1,0,1,0,1000,0,1000,0,1070000,0,1070000,0,1070.0,1070.0,,,0.0,1397-03-05
462,2018-05-28,3,0,11,0,114127,0,114127,0,129834075,0,129834075,0,1137.628037186643,1137.628037186643,,,0.0,1397-03-07
461,2018-05-30,3,0,7,0,63100,0,63100,0,80720000,0,80720000,0,1279.2393026941363,1279.2393026941363,,,0.0,1397-03-09
460,2018-06-02,7,0,6,0,145850,0,145850,0,208897500,0,208897500,0,1432.276311278711,1432.276311278711,,,0.0,1397-03-12
459,2018-06-09,7,0,11,0,64598,0,64598,0,93701336,0,93701336,0,1450.5299854484658,1450.5299854484658,,,0.0,1397-03-19
458,2018-06-11,12,0,10,0,76351,0,76351,0,114749214,0,114749214,0,1502.916975547144,1502.916975547144,,,0.0,1397-03-21
457,2018-06-13,9,0,8,0,220573,0,220573,0,318507412,0,318507412,0,1444.0,1444.0,,,0.0,1397-03-23
456,2018-06-18,6,0,3,1,199817,0,144000,55817,288535748,0,207936000,80599748,1444.0,1444.0,,1444.0,55817.0,1397-03-28
455,2018-06-20,1,0,1,0,1000,0,1000,0,1444000,0,1444000,0,1444.0,1444.0,,,0.0,1397-03-30
454,2018-07-02,10,0,4,1,92319,0,70524,21795,109220100,0,84373800,24846300,1183.0728235791116,1196.384209630764,,1140.0,21795.0,1397-04-11
453,2018-07-04,4,0,1,0,6342,0,6342,0,7229880,0,7229880,0,1140.0,1140.0,,,0.0,1397-04-13
452,2018-07-07,2,0,2,0,26500,0,26500,0,26500000,0,26500000,0,1000.0,1000.0,,,0.0,1397-04-16
451,2018-07-11,11,0,6,0,395479,0,395479,0,395479000,0,395479000,0,1000.0,1000.0,,,0.0,1397-04-20
450,2018-07-14,5,0,4,0,85148,0,85148,0,85148000,0,85148000,0,1000.0,1000.0,,,0.0,1397-04-23
449,2018-07-16,5,0,2,1,92780,0,13000,79780,92768000,0,12988000,79780000,999.870661780556,999.0769230769232,,1000.0,79780.0,1397-04-25
448,2018-07-18,8,0,4,1,134078,0,14870,119208,134066000,0,14867000,119199000,999.9104998582916,999.7982515131137,,999.9245017112944,119208.0,1397-04-27
447,2018-07-21,3,0,1,1,12985,0,12000,985,12973000,0,11988000,985000,999.0758567577976,999.0,,1000.0,985.0,1397-04-30
446,2018-07-23,4,0,1,0,18489,0,18489,0,16887501,0,16887501,0,913.38098328736,913.38098328736,,,0.0,1397-05-01
445,2018-07-25,5,0,2,1,55340,0,45490,9850,47659550,0,38666500,8993050,861.2134080231298,850.0,,913.0,9850.0,1397-05-03
444,2018-07-28,3,0,3,1,51715,0,6526,45189,47319225,0,5971290,41347935,915.0,915.0,,915.0,45189.0,1397-05-06
443,2018-07-30,5,0,1,1,113960,0,2000,111960,104273400,0,1830000,102443400,915.0,915.0,,915.0,111960.0,1397-05-08
442,2018-08-01,11,0,5,1,446500,0,62000,384500,408547500,0,56730000,351817500,915.0,915.0,,915.0,384500.0,1397-05-10
441,2018-08-04,2,0,1,0,4500,0,4500,0,4185000,0,4185000,0,930.0,930.0,,,0.0,1397-05-13
440,2018-08-06,7,0,2,0,113756,0,113756,0,98979390,0,98979390,0,870.1025879953585,870.1025879953585,,,0.0,1397-05-15
439,2018-08-08,13,0,3,0,345457,0,345457,0,288907590,0,288907590,0,836.305502566166,836.305502566166,,,0.0,1397-05-17
438,2018-08-11,8,0,8,0,231812,0,231812,0,192635772,0,192635772,0,831.0,831.0,,,0.0,1397-05-20
437,2018-08-13,2,0,1,0,6500,0,6500,0,5401500,0,5401500,0,831.0,831.0,,,0.0,1397-05-22
436,2018-08-15,4,0,6,0,50176,0,50176,0,41696256,0,41696256,0,831.0,831.0,,,0.0,1397-05-24
435,2018-08-18,4,0,3,0,22926,0,22926,0,19100106,0,19100106,0,833.1198639099712,833.1198639099712,,,0.0,1397-05-27
434,2018-08-20,5,0,8,0,56255,0,56255,0,47165915,0,47165915,0,838.4306283885877,838.4306283885877,,,0.0,1397-05-29
433,2018-08-25,9,1,3,0,197265,5000,202265,0,165566900,4190000,169756900,0,839.3120928699972,839.2796578745705,838.0,,-5000.0,1397-06-03
432,2018-08-27,3,0,3,0,22478,0,22478,0,20320370,0,20320370,0,904.011477889492,904.011477889492,,,0.0,1397-06-05
431,2018-09-01,2,0,3,0,200000,0,200000,0,236800000,0,236800000,0,1184.0,1184.0,,,0.0,1397-06-10
430,2018-09-03,9,1,19,0,269751,31000,300751,0,326901984,40184000,367085984,0,1211.865698366271,1220.564466951066,1296.258064516129,,-31000.0,1397-06-12
429,2018-09-05,11,0,12,1,275059,0,239059,36000,363288700,0,316488700,46800000,1320.7664537426515,1323.893683149348,,1300.0,36000.0,1397-06-14
428,2018-09-08,6,0,11,0,174532,0,174532,0,268834809,0,268834809,0,1540.318159420622,1540.318159420622,,,0.0,1397-06-17
427,2018-09-10,34,1,27,0,652335,60000,712335,0,1232913150,113400000,1346313150,0,1890.0,1890.0,1890.0,,-60000.0,1397-06-19
426,2018-09-12,23,0,39,0,549223,0,549223,0,1214351800,0,1214351800,0,2211.035954430168,2211.035954430168,,,0.0,1397-06-21
425,2018-09-15,21,2,24,0,335500,85000,420500,0,741790500,187935000,929725500,0,2211.0,2211.0,2211.0,,-85000.0,1397-06-24
424,2018-09-17,17,0,17,0,474868,0,474868,0,1052139884,0,1052139884,0,2215.647051391124,2215.647051391124,,,0.0,1397-06-26
423,2018-09-22,11,2,10,0,107322,137000,244322,0,251670090,317215000,568885090,0,2345.0,2328.423514869721,2315.43795620438,,-137000.0,1397-06-31
422,2018-09-24,4,0,4,0,54311,0,54311,0,113781545,0,113781545,0,2095.0,2095.0,,,0.0,1397-07-02
421,2018-09-26,14,0,26,1,442612,0,422612,20000,973941400,0,929941400,44000000,2200.440566455496,2200.461416145306,,2200.0,20000.0,1397-07-04
420,2018-09-29,15,0,16,0,188346,0,188346,0,435055800,0,435055800,0,2309.8754420056703,2309.8754420056703,,,0.0,1397-07-07
419,2018-10-01,45,0,36,2,985426,0,735426,250000,2571961860,0,1919461860,652500000,2610.0,2610.0,,2610.0,250000.0,1397-07-09
418,2018-10-06,4,0,7,0,70563,0,70563,0,184169430,0,184169430,0,2610.0,2610.0,,,0.0,1397-07-14
417,2018-10-29,3,0,3,0,7985,0,7985,0,18285650,0,18285650,0,2290.0,2290.0,,,0.0,1397-08-07
416,2018-10-31,35,0,15,2,1006786,0,494786,512000,1580294300,0,786694300,793600000,1569.64270460654,1589.9687945899843,,1550.0,512000.0,1397-08-09
415,2018-11-03,24,0,26,1,671516,0,653864,17652,1175507580,0,1144528320,30979260,1750.5280291162087,1750.4073018242325,,1755.0,17652.0,1397-08-12
414,2018-11-05,12,0,9,1,329137,0,143154,185983,575660613,0,250376346,325284267,1749.0,1749.0,,1749.0,185983.0,1397-08-14
413,2018-11-10,3,0,3,0,55800,0,55800,0,97286800,0,97286800,0,1743.4910394265232,1743.4910394265232,,,0.0,1397-08-19
412,2018-11-12,21,0,11,0,326814,0,326814,0,545664720,0,545664720,0,1669.6491582367953,1669.6491582367953,,,0.0,1397-08-21
411,2018-11-17,7,0,7,2,242361,0,37922,204439,387777600,0,60675200,327102400,1600.0,1600.0,,1600.0,204439.0,1397-08-26
410,2018-11-19,1,0,2,0,3000,0,3000,0,4800000,0,4800000,0,1600.0,1600.0,,,0.0,1397-08-28
409,2018-11-21,1,0,1,0,1000,0,1000,0,1585000,0,1585000,0,1585.0,1585.0,,,0.0,1397-08-30
408,2018-11-24,3,0,3,0,10740,0,10740,0,16963180,0,16963180,0,1579.43947858473,1579.43947858473,,,0.0,1397-09-03
407,2018-11-28,2,0,3,1,31821,0,16294,15527,50245359,0,25728226,24517133,1579.0,1579.0,,1579.0,15527.0,1397-09-07
406,2018-12-01,8,0,3,0,89641,0,89641,0,118012941,0,118012941,0,1316.5062973416182,1316.5062973416182,,,0.0,1397-09-10
405,2018-12-03,18,0,11,2,495238,0,392633,102605,643809400,0,510422900,133386500,1300.0,1300.0,,1300.0,102605.0,1397-09-12
404,2018-12-05,23,0,5,1,408698,0,38598,370100,531307400,0,50177400,481130000,1300.0,1300.0,,1300.0,370100.0,1397-09-14
403,2018-12-08,20,0,5,1,339280,0,189280,150000,407136000,0,227136000,180000000,1200.0,1200.0,,1200.0,150000.0,1397-09-17
402,2018-12-10,18,0,8,1,1390624,0,140624,1250000,1680648006,0,180648006,1500000000,1208.5567385576546,1284.6171777221527,,1200.0,1250000.0,1397-09-19
401,2018-12-12,8,0,14,1,1208398,0,312099,896299,1548909339,0,445565270,1103344069,1281.7874069635998,1427.640812690845,,1231.0,896299.0,1397-09-21
400,2018-12-15,61,0,35,0,2116101,0,2116101,0,3385109598,0,3385109598,0,1599.691885217199,1599.691885217199,,,0.0,1397-09-24
399,2018-12-17,22,0,18,0,459593,0,459593,0,760716240,0,760716240,0,1655.1954446651712,1655.1954446651712,,,0.0,1397-09-26
398,2018-12-19,24,0,21,0,409721,0,409721,0,614112500,0,614112500,0,1498.8553186192555,1498.8553186192555,,,0.0,1397-09-28
397,2018-12-22,17,0,2,0,423658,0,423658,0,555116342,0,555116342,0,1310.2935433769692,1310.2935433769692,,,0.0,1397-10-01
396,2018-12-24,3,0,10,0,201743,0,201743,0,277518460,0,277518460,0,1375.6039119077243,1375.6039119077243,,,0.0,1397-10-03
395,2018-12-26,18,0,17,0,469987,0,469987,0,681481150,0,681481150,0,1450.0,1450.0,,,0.0,1397-10-05
394,2018-12-29,5,0,11,0,73235,0,73235,0,109340750,0,109340750,0,1493.012220932614,1493.012220932614,,,0.0,1397-10-08
393,2018-12-31,16,0,28,0,906171,0,906171,0,1429997661,0,1429997661,0,1578.066017341098,1578.066017341098,,,0.0,1397-10-10
392,2019-01-02,19,0,44,0,753594,0,753594,0,1278106128,0,1278106128,0,1696.0142039347447,1696.0142039347447,,,0.0,1397-10-12
391,2019-01-05,12,0,22,0,247298,0,247298,0,453104156,0,453104156,0,1832.21924965022,1832.21924965022,,,0.0,1397-10-15
390,2019-01-07,20,0,7,0,309436,0,309436,0,587418713,0,587418713,0,1898.352851639757,1898.352851639757,,,0.0,1397-10-17
389,2019-01-09,5,0,4,0,70377,0,70377,0,119781654,0,119781654,0,1702.0,1702.0,,,0.0,1397-10-19
388,2019-01-12,20,0,16,0,448632,0,448632,0,798564960,0,798564960,0,1780.0,1780.0,,,0.0,1397-10-22
387,2019-01-14,10,0,18,0,146645,0,146645,0,259561650,0,259561650,0,1770.0,1770.0,,,0.0,1397-10-24
386,2019-01-16,13,1,27,0,204153,36454,240607,0,362244375,64705850,426950225,0,1774.3769378848217,1774.4713370766435,1775.0,,-36454.0,1397-10-26
385,2019-01-19,7,0,14,0,261851,0,261851,0,465054774,0,465054774,0,1776.0282527086017,1776.0282527086017,,,0.0,1397-10-29
384,2019-01-21,4,0,3,0,76210,0,76210,0,135227850,0,135227850,0,1774.4108384726414,1774.4108384726414,,,0.0,1397-11-01
383,2019-01-23,11,0,12,0,488156,0,488156,0,864036120,0,864036120,0,1770.0,1770.0,,,0.0,1397-11-03
382,2019-01-26,8,0,24,0,461378,0,461378,0,817619920,0,817619920,0,1772.125935783674,1772.125935783674,,,0.0,1397-11-06
381,2019-01-28,10,0,9,0,150933,0,150933,0,275489826,0,275489826,0,1825.2458110552363,1825.2458110552363,,,0.0,1397-11-08
380,2019-01-30,17,0,19,1,366764,0,330310,36454,696851600,0,627589000,69262600,1900.0,1900.0,,1900.0,36454.0,1397-11-10
379,2019-02-02,5,0,6,0,133501,0,133501,0,253651900,0,253651900,0,1900.0,1900.0,,,0.0,1397-11-13
378,2019-02-04,2,0,2,0,10637,0,10637,0,19210300,0,19210300,0,1805.9885306007332,1805.9885306007332,,,0.0,1397-11-15
377,2019-02-06,4,0,5,0,33361,0,33361,0,59199966,0,59199966,0,1774.5261233176464,1774.5261233176464,,,0.0,1397-11-17
376,2019-02-13,7,0,16,0,253320,0,253320,0,430137360,0,430137360,0,1698.0,1698.0,,,0.0,1397-11-24
375,2019-02-16,5,0,5,0,22200,0,22200,0,38301000,0,38301000,0,1725.2702702702702,1725.2702702702702,,,0.0,1397-11-27
374,2019-02-18,8,0,9,0,496812,0,496812,0,861349501,0,861349501,0,1733.753413766173,1733.753413766173,,,0.0,1397-11-29
373,2019-02-20,3,0,3,0,10142,0,10142,0,17699376,0,17699376,0,1745.156379412345,1745.156379412345,,,0.0,1397-12-01
372,2019-02-23,6,0,12,0,165690,0,165690,0,289497150,0,289497150,0,1747.221618685497,1747.221618685497,,,0.0,1397-12-04
371,2019-02-25,3,0,4,0,57390,0,57390,0,107893200,0,107893200,0,1880.0,1880.0,,,0.0,1397-12-06
370,2019-02-27,1,0,8,0,45115,0,45115,0,84861315,0,84861315,0,1881.0,1881.0,,,0.0,1397-12-08
369,2019-03-02,4,0,3,0,16049,0,16049,0,30947100,0,30947100,0,1928.288366876441,1928.288366876441,,,0.0,1397-12-11
368,2019-03-04,9,0,16,0,343020,0,343020,0,701871400,0,701871400,0,2046.1529939945192,2046.1529939945192,,,0.0,1397-12-13
367,2019-03-06,21,0,10,0,285937,0,285937,0,671951950,0,671951950,0,2350.0,2350.0,,,0.0,1397-12-15
366,2019-03-09,14,0,13,0,124788,0,124788,0,293251800,0,293251800,0,2350.0,2350.0,,,0.0,1397-12-18
365,2019-03-11,20,0,14,0,625896,0,625896,0,1502150400,0,1502150400,0,2400.0,2400.0,,,0.0,1397-12-20
364,2019-03-13,11,0,8,0,52495,0,52495,0,125967000,0,125967000,0,2399.5999619011336,2399.5999619011336,,,0.0,1397-12-22
363,2019-03-16,9,0,18,0,196974,0,196974,0,472737600,0,472737600,0,2400.0,2400.0,,,0.0,1397-12-25
362,2019-03-18,11,0,22,0,233790,0,233790,0,584475000,0,584475000,0,2500.0,2500.0,,,0.0,1397-12-27
361,2019-03-25,5,0,9,0,46375,0,46375,0,115937500,0,115937500,0,2500.0,2500.0,,,0.0,1398-01-05
360,2019-03-27,8,0,22,0,337962,0,337962,0,935654364,0,935654364,0,2768.519431178653,2768.519431178653,,,0.0,1398-01-07
359,2019-04-06,5,0,8,0,64001,0,64001,0,177218769,0,177218769,0,2769.0,2769.0,,,0.0,1398-01-17
358,2019-04-08,5,0,8,0,26414,0,26414,0,76336460,0,76336460,0,2890.0,2890.0,,,0.0,1398-01-19
357,2019-04-10,4,0,2,0,7280,0,7280,0,20158320,0,20158320,0,2769.0,2769.0,,,0.0,1398-01-21
356,2019-04-13,6,0,6,0,175021,0,175021,0,407313750,0,407313750,0,2327.227875512081,2327.227875512081,,,0.0,1398-01-24
355,2019-04-15,35,0,18,0,491909,0,491909,0,1183104060,0,1183104060,0,2405.1278996725005,2405.1278996725005,,,0.0,1398-01-26
354,2019-04-17,24,0,15,0,284971,0,284971,0,728930930,0,728930930,0,2557.912664797471,2557.912664797471,,,0.0,1398-01-28
353,2019-04-20,5,0,9,0,33956,0,33956,0,86861448,0,86861448,0,2558.058899752621,2558.058899752621,,,0.0,1398-01-31
352,2019-04-22,16,0,13,0,309924,0,309924,0,792634736,0,792634736,0,2557.513248409288,2557.513248409288,,,0.0,1398-02-02
351,2019-04-24,11,0,16,0,193899,0,193899,0,535104450,0,535104450,0,2759.707115560163,2759.707115560163,,,0.0,1398-02-04
350,2019-04-27,9,0,15,0,184757,0,184757,0,554558800,0,554558800,0,3001.5577217642635,3001.5577217642635,,,0.0,1398-02-07
349,2019-04-29,16,0,18,0,233121,0,233121,0,853515210,0,853515210,0,3661.254069774924,3661.254069774924,,,0.0,1398-02-09
348,2019-05-01,39,0,37,0,452215,0,452215,0,2200685300,0,2200685300,0,4866.457990115321,4866.457990115321,,,0.0,1398-02-11
347,2019-05-04,28,0,10,0,140769,0,140769,0,635859620,0,635859620,0,4517.042956901022,4517.042956901022,,,0.0,1398-02-14
346,2019-05-08,24,0,19,0,227799,0,227799,0,865408401,0,865408401,0,3799.0,3799.0,,,0.0,1398-02-18
345,2019-05-11,3,0,3,0,27854,0,27854,0,105566660,0,105566660,0,3790.0,3790.0,,,0.0,1398-02-21
344,2019-05-13,17,0,23,0,230243,0,230243,0,924674916,0,924674916,0,4016.082643120529,4016.082643120529,,,0.0,1398-02-23
343,2019-05-18,4,0,1,0,8730,0,8730,0,35068410,0,35068410,0,4017.0,4017.0,,,0.0,1398-02-28
342,2019-05-20,5,0,2,0,21999,0,21999,0,90723876,0,90723876,0,4124.0,4124.0,,,0.0,1398-02-30
341,2019-05-22,2,0,1,0,320,0,320,0,1319680,0,1319680,0,4124.0,4124.0,,,0.0,1398-03-01
340,2019-05-29,2,0,1,0,7999,0,7999,0,30396200,0,30396200,0,3800.0,3800.0,,,0.0,1398-03-08
339,2019-06-01,4,0,2,0,6468,0,6468,0,24578400,0,24578400,0,3800.0,3800.0,,,0.0,1398-03-11
338,2019-06-03,38,0,41,0,985435,0,985435,0,2759218000,0,2759218000,0,2800.0,2800.0,,,0.0,1398-03-13
337,2019-06-08,16,0,13,0,435649,0,435649,0,1220252849,0,1220252849,0,2801.0,2801.0,,,0.0,1398-03-18
336,2019-06-12,8,0,24,0,391696,0,391696,0,1196631280,0,1196631280,0,3055.0,3055.0,,,0.0,1398-03-22
335,2019-06-15,2,0,2,0,11000,0,11000,0,35200000,0,35200000,0,3200.0,3200.0,,,0.0,1398-03-25
334,2019-06-17,7,0,13,0,118567,0,118567,0,381142350,0,381142350,0,3214.5736166049574,3214.5736166049574,,,0.0,1398-03-27
333,2019-06-19,4,0,8,0,85678,0,85678,0,276104770,0,276104770,0,3222.5865449707044,3222.5865449707044,,,0.0,1398-03-29
332,2019-06-22,4,0,8,1,149628,0,149528,100,483994744,0,483667744,327000,3234.6535675141017,3234.6299288427585,,3270.0,100.0,1398-04-01
331,2019-06-24,2,0,4,0,20500,0,20500,0,73390000,0,73390000,0,3580.0,3580.0,,,0.0,1398-04-03
330,2019-06-26,3,0,7,0,17785,0,17785,0,67242140,0,67242140,0,3780.834411020523,3780.834411020523,,,0.0,1398-04-05
329,2019-07-01,7,0,5,0,45705,0,45705,0,172810605,0,172810605,0,3781.0,3781.0,,,0.0,1398-04-10
328,2019-07-06,6,0,12,0,70325,0,70325,0,281300000,0,281300000,0,4000.0,4000.0,,,0.0,1398-04-15
327,2019-07-08,10,0,14,0,88785,0,88785,0,409257314,0,409257314,0,4609.53217322746,4609.53217322746,,,0.0,1398-04-17
326,2019-07-10,6,0,18,0,170065,0,170065,0,870620774,0,870620774,0,5119.341275394702,5119.341275394702,,,0.0,1398-04-19
325,2019-07-15,12,0,23,0,360829,0,360829,0,2016880495,0,2016880495,0,5589.57427202359,5589.57427202359,,,0.0,1398-04-24
324,2019-07-17,13,0,12,0,234471,0,234471,0,1310772890,0,1310772890,0,5590.341193580442,5590.341193580442,,,0.0,1398-04-26
323,2019-07-20,2,0,2,0,5500,0,5500,0,31894500,0,31894500,0,5799.0,5799.0,,,0.0,1398-04-29
322,2019-07-22,22,0,17,0,231807,0,231807,0,1390842000,0,1390842000,0,6000.0,6000.0,,,0.0,1398-04-31
321,2019-07-24,19,0,12,0,111200,0,111200,0,711930000,0,711930000,0,6402.248201438849,6402.248201438849,,,0.0,1398-05-02
320,2019-07-27,12,0,15,0,226795,0,226795,0,1538921100,0,1538921100,0,6785.515994620692,6785.515994620692,,,0.0,1398-05-05
319,2019-07-29,23,0,3,0,71328,0,71328,0,507855360,0,507855360,0,7120.0,7120.0,,,0.0,1398-05-07
318,2019-08-03,12,0,26,0,345663,0,345663,0,2461120560,0,2461120560,0,7120.0,7120.0,,,0.0,1398-05-12
317,2019-08-05,31,1,11,0,382325,5000,387325,0,2722154000,35600000,2757754000,0,7120.0,7120.0,7120.0,,-5000.0,1398-05-14
316,2019-08-07,12,0,17,0,323065,0,323065,0,2302173413,0,2302173413,0,7126.037834491511,7126.037834491511,,,0.0,1398-05-16
315,2019-08-10,37,0,21,0,354618,0,354618,0,2858221080,0,2858221080,0,8060.0,8060.0,,,0.0,1398-05-19
314,2019-08-14,4,0,1,0,11074,0,11074,0,88592000,0,88592000,0,8000.0,8000.0,,,0.0,1398-05-23
313,2019-08-21,22,0,8,0,47745,0,47745,0,341143395,0,341143395,0,7145.112472510211,7145.112472510211,,,0.0,1398-05-30
312,2019-08-24,15,0,37,0,200554,0,200554,0,1403881704,0,1403881704,0,7000.018468841309,7000.018468841309,,,0.0,1398-06-02
311,2019-08-26,21,1,12,1,220374,2000,220473,1901,1538153000,14000000,1538846000,13307000,6979.738989172952,6979.748087067351,7000.0,7000.0,-99.0,1398-06-04
310,2019-09-17,2,0,1,0,1351,0,1351,0,9336761,0,9336761,0,6911.0,6911.0,,,0.0,1398-06-26
309,2019-09-18,3,0,1,0,1287,0,1287,0,8894457,0,8894457,0,6911.0,6911.0,,,0.0,1398-06-27
308,2019-09-21,2,0,1,0,349,0,349,0,2411939,0,2411939,0,6911.0,6911.0,,,0.0,1398-06-30
307,2019-09-22,1,0,1,0,400,0,400,0,2764400,0,2764400,0,6911.0,6911.0,,,0.0,1398-06-31
306,2019-09-23,2,0,1,0,391,0,391,0,2702201,0,2702201,0,6911.0,6911.0,,,0.0,1398-07-01
305,2019-09-24,4,0,1,0,2117,0,2117,0,14484514,0,14484514,0,6842.0,6842.0,,,0.0,1398-07-02
304,2019-09-28,1,0,1,0,1468,0,1468,0,9944232,0,9944232,0,6774.0,6774.0,,,0.0,1398-07-06
303,2019-09-29,6,0,1,0,3662,0,3662,0,24561034,0,24561034,0,6707.0,6707.0,,,0.0,1398-07-07
302,2019-09-30,2,0,1,0,1209,0,1209,0,8027760,0,8027760,0,6640.0,6640.0,,,0.0,1398-07-08
301,2019-10-01,2,0,1,0,2723,0,2723,0,17901002,0,17901002,0,6574.0,6574.0,,,0.0,1398-07-09
300,2019-10-13,1,0,2,0,2000,0,2000,0,13018000,0,13018000,0,6509.0,6509.0,,,0.0,1398-07-21
299,2019-10-26,2,0,1,0,393,0,393,0,2532492,0,2532492,0,6444.0,6444.0,,,0.0,1398-08-04
298,2019-11-03,3,0,1,0,1442,0,1442,0,9199960,0,9199960,0,6380.0,6380.0,,,0.0,1398-08-12
297,2019-11-04,7,0,1,0,3321,0,3321,0,20978757,0,20978757,0,6317.0,6317.0,,,0.0,1398-08-13
296,2019-11-05,5,0,2,0,3225,0,3225,0,19965975,0,19965975,0,6191.0,6191.0,,,0.0,1398-08-14
295,2019-11-09,13,0,2,0,10533,0,10533,0,64567290,0,64567290,0,6130.0,6130.0,,,0.0,1398-08-18
294,2019-11-10,11,0,1,0,49586,0,49586,0,300937434,0,300937434,0,6069.0,6069.0,,,0.0,1398-08-19
293,2019-11-11,14,0,5,0,212295,0,212295,0,1275680655,0,1275680655,0,6009.0,6009.0,,,0.0,1398-08-20
292,2019-11-12,8,0,2,0,161797,0,161797,0,952822533,0,952822533,0,5889.0,5889.0,,,0.0,1398-08-21
291,2019-11-13,9,0,3,0,75542,0,75542,0,440485402,0,440485402,0,5831.0,5831.0,,,0.0,1398-08-22
290,2019-11-16,10,0,4,0,272919,0,272919,0,1575561387,0,1575561387,0,5773.0,5773.0,,,0.0,1398-08-25
289,2019-11-17,3,0,1,0,1175,0,1175,0,6716300,0,6716300,0,5716.0,5716.0,,,0.0,1398-08-26
288,2019-11-18,3,0,1,0,1500,0,1500,0,8403000,0,8403000,0,5602.0,5602.0,,,0.0,1398-08-27
287,2019-11-19,4,0,1,0,1954,0,1954,0,10836884,0,10836884,0,5546.0,5546.0,,,0.0,1398-08-28
286,2019-11-20,3,0,1,0,3252,0,3252,0,17856732,0,17856732,0,5491.0,5491.0,,,0.0,1398-08-29
285,2019-11-23,8,0,3,0,31269,0,31269,0,170009553,0,170009553,0,5437.0,5437.0,,,0.0,1398-09-02
284,2019-11-24,15,0,10,0,239857,0,239857,0,1278197953,0,1278197953,0,5329.0,5329.0,,,0.0,1398-09-03
283,2019-11-25,10,0,2,0,66200,0,66200,0,349271200,0,349271200,0,5276.0,5276.0,,,0.0,1398-09-04
282,2019-11-26,10,0,3,0,23677,0,23677,0,123688648,0,123688648,0,5224.0,5224.0,,,0.0,1398-09-05
281,2019-11-27,8,0,4,0,32269,0,32269,0,166895268,0,166895268,0,5172.0,5172.0,,,0.0,1398-09-06
280,2019-11-30,16,0,1,0,24636,0,24636,0,124879884,0,124879884,0,5069.0,5069.0,,,0.0,1398-09-09
279,2019-12-01,17,0,5,0,68051,0,68051,0,341547969,0,341547969,0,5019.0,5019.0,,,0.0,1398-09-10
278,2019-12-02,62,0,45,0,714391,0,714391,0,3588911460,0,3588911460,0,5023.735545380611,5023.735545380611,,,0.0,1398-09-11
277,2019-12-03,62,0,22,0,364856,0,364856,0,1851279344,0,1851279344,0,5074.0,5074.0,,,0.0,1398-09-12
276,2019-12-04,44,0,37,0,249168,0,249168,0,1259344074,0,1259344074,0,5054.196662492776,5054.196662492776,,,0.0,1398-09-13
275,2019-12-07,1,0,8,0,59407,0,59407,0,306243085,0,306243085,0,5155.0,5155.0,,,0.0,1398-09-16
274,2019-12-08,91,0,37,0,511837,0,511837,0,2635121678,0,2635121678,0,5148.361056351924,5148.361056351924,,,0.0,1398-09-17
273,2019-12-09,45,0,23,0,181686,0,181686,0,942745077,0,942745077,0,5188.87023215878,5188.87023215878,,,0.0,1398-09-18
272,2019-12-10,51,0,29,0,264117,0,264117,0,1359667213,0,1359667213,0,5147.973106615628,5147.973106615628,,,0.0,1398-09-19
271,2019-12-11,40,0,21,0,172468,0,172468,0,879347133,0,879347133,0,5098.610368300207,5098.610368300207,,,0.0,1398-09-20
270,2019-12-14,32,0,30,0,186136,0,186136,0,958414264,0,958414264,0,5149.0,5149.0,,,0.0,1398-09-23
269,2019-12-15,44,0,31,0,236614,0,236614,0,1214230194,0,1214230194,0,5131.692097678075,5131.692097678075,,,0.0,1398-09-24
268,2019-12-16,28,0,31,0,191203,0,191203,0,984646335,0,984646335,0,5149.74312641538,5149.74312641538,,,0.0,1398-09-25
267,2019-12-17,61,0,34,0,387270,0,387270,0,2003568730,0,2003568730,0,5173.570712939293,5173.570712939293,,,0.0,1398-09-26
266,2019-12-18,23,0,24,0,248884,0,248884,0,1300418900,0,1300418900,0,5225.0,5225.0,,,0.0,1398-09-27
265,2019-12-21,40,0,25,0,175437,0,175437,0,925756049,0,925756049,0,5276.857498703238,5276.857498703238,,,0.0,1398-09-30
264,2019-12-22,19,0,14,0,92225,0,92225,0,491467025,0,491467025,0,5329.0,5329.0,,,0.0,1398-10-01
263,2019-12-23,34,0,30,0,280844,0,280844,0,1526374040,0,1526374040,0,5434.953354887411,5434.953354887411,,,0.0,1398-10-02
262,2019-12-24,4,0,10,0,58253,0,58253,0,319750717,0,319750717,0,5489.0,5489.0,,,0.0,1398-10-03
261,2019-12-25,7,0,8,0,102706,0,102706,0,569299358,0,569299358,0,5543.0,5543.0,,,0.0,1398-10-04
260,2019-12-28,2,0,9,1,34214,0,29214,5000,191529972,0,163539972,27990000,5598.0,5598.0,,5598.0,5000.0,1398-10-07
259,2019-12-30,22,0,25,0,275744,0,275744,0,1558780832,0,1558780832,0,5653.0,5653.0,,,0.0,1398-10-09
258,2019-12-31,41,0,51,0,829125,0,829125,0,4713361587,0,4713361587,0,5684.741850746269,5684.741850746269,,,0.0,1398-10-10
257,2020-01-01,22,0,14,0,268280,0,268280,0,1540173416,0,1540173416,0,5740.917757566722,5740.917757566722,,,0.0,1398-10-11
256,2020-01-04,49,0,45,1,807572,0,800572,7000,4707210515,0,4667422515,39788000,5828.84314339774,5830.109615375007,,5684.0,7000.0,1398-10-14
255,2020-01-05,2,0,16,0,142112,0,142112,0,836613344,0,836613344,0,5887.0,5887.0,,,0.0,1398-10-15
254,2020-01-07,13,0,33,0,410957,0,410957,0,2443139365,0,2443139365,0,5945.0,5945.0,,,0.0,1398-10-17
253,2020-01-11,10,0,5,0,30867,0,30867,0,185047665,0,185047665,0,5995.0,5995.0,,,0.0,1398-10-21
252,2020-01-12,9,0,9,0,25109,0,25109,0,152009886,0,152009886,0,6054.0,6054.0,,,0.0,1398-10-22
251,2020-01-13,20,0,9,0,98256,0,98256,0,600737184,0,600737184,0,6114.0,6114.0,,,0.0,1398-10-23
250,2020-01-14,11,0,5,0,154835,0,154835,0,965551060,0,965551060,0,6236.0,6236.0,,,0.0,1398-10-24
249,2020-01-15,23,0,18,0,308033,0,308033,0,1938123068,0,1938123068,0,6291.933227933371,6291.933227933371,,,0.0,1398-10-25
248,2020-01-18,41,0,44,0,388391,0,388391,0,2461251084,0,2461251084,0,6337.0445865120455,6337.0445865120455,,,0.0,1398-10-28
247,2020-01-19,33,0,16,0,130958,0,130958,0,837750680,0,837750680,0,6397.094335588509,6397.094335588509,,,0.0,1398-10-29
246,2020-01-20,4,0,7,0,63170,0,63170,0,408078200,0,408078200,0,6460.0,6460.0,,,0.0,1398-10-30
245,2020-01-21,60,0,45,0,567894,0,567894,0,3667843709,0,3667843709,0,6458.676635076265,6458.676635076265,,,0.0,1398-11-01
244,2020-01-22,41,0,28,0,267573,0,267573,0,1755633128,0,1755633128,0,6561.32393029192,6561.32393029192,,,0.0,1398-11-02
243,2020-01-25,32,0,40,0,252204,0,252204,0,1663610998,0,1663610998,0,6596.29108975274,6596.29108975274,,,0.0,1398-11-05
242,2020-01-26,19,0,47,0,335628,0,335628,0,2230801945,0,2230801945,0,6646.650294373532,6646.650294373532,,,0.0,1398-11-06
241,2020-01-27,9,0,22,0,149871,0,149871,0,1003809015,0,1003809015,0,6697.820225393839,6697.820225393839,,,0.0,1398-11-07
240,2020-02-01,33,0,16,0,146374,0,146374,0,986643980,0,986643980,0,6740.568543593808,6740.568543593808,,,0.0,1398-11-12
239,2020-02-02,30,0,44,0,190263,0,190263,0,1274263851,0,1274263851,0,6697.381261727188,6697.381261727188,,,0.0,1398-11-13
238,2020-02-03,21,0,38,0,688396,0,688396,0,4634350763,0,4634350763,0,6732.100074666326,6732.100074666326,,,0.0,1398-11-14
237,2020-02-04,2,0,13,0,35499,0,35499,0,241357701,0,241357701,0,6799.0,6799.0,,,0.0,1398-11-15
236,2020-02-05,2,0,12,0,22088,0,22088,0,151656208,0,151656208,0,6866.0,6866.0,,,0.0,1398-11-16
235,2020-02-08,17,0,14,0,118506,0,118506,0,829897518,0,829897518,0,7003.0,7003.0,,,0.0,1398-11-19
234,2020-02-09,2,0,11,0,14955,0,14955,0,105776715,0,105776715,0,7073.0,7073.0,,,0.0,1398-11-20
233,2020-02-10,2,0,8,0,90416,0,90416,0,645841488,0,645841488,0,7143.0,7143.0,,,0.0,1398-11-21
232,2020-02-16,17,0,15,0,219696,0,219696,0,1584877004,0,1584877004,0,7213.95475566237,7213.95475566237,,,0.0,1398-11-27
231,2020-02-17,23,0,9,0,183605,0,183605,0,1337146030,0,1337146030,0,7282.732115138477,7282.732115138477,,,0.0,1398-11-28
230,2020-02-18,12,0,8,0,199635,0,199635,0,1468315425,0,1468315425,0,7355.0,7355.0,,,0.0,1398-11-29
229,2020-02-22,5,0,8,0,36084,0,36084,0,267084222,0,267084222,0,7401.735450615231,7401.735450615231,,,0.0,1398-12-03
228,2020-02-23,21,0,10,0,290763,0,290763,0,2173744188,0,2173744188,0,7476.0,7476.0,,,0.0,1398-12-04
227,2020-02-25,28,0,13,0,237748,0,237748,0,1812828500,0,1812828500,0,7625.0,7625.0,,,0.0,1398-12-06
226,2020-02-26,23,0,14,0,268978,0,268978,0,2071399578,0,2071399578,0,7701.0,7701.0,,,0.0,1398-12-07
225,2020-02-29,52,0,25,0,585373,0,585373,0,4488722446,0,4488722446,0,7668.140563367288,7668.140563367288,,,0.0,1398-12-10
224,2020-03-01,39,0,35,0,214705,0,214705,0,1644695585,0,1644695585,0,7660.257492839011,7660.257492839011,,,0.0,1398-12-11
223,2020-03-02,16,0,16,0,94474,0,94474,0,730850864,0,730850864,0,7736.0,7736.0,,,0.0,1398-12-12
222,2020-03-03,21,0,33,0,283088,0,283088,0,2180979476,0,2180979476,0,7704.245591476855,7704.245591476855,,,0.0,1398-12-13
221,2020-03-04,21,0,25,0,121281,0,121281,0,939409809,0,939409809,0,7745.729413510772,7745.729413510772,,,0.0,1398-12-14
220,2020-03-07,11,0,18,0,58163,0,58163,0,450744836,0,450744836,0,7749.683406976944,7749.683406976944,,,0.0,1398-12-17
219,2020-03-09,23,0,22,0,158905,0,158905,0,1218055389,0,1218055389,0,7665.305616563355,7665.305616563355,,,0.0,1398-12-19
218,2020-03-10,21,0,12,0,97462,0,97462,0,747805872,0,747805872,0,7672.794237754201,7672.794237754201,,,0.0,1398-12-20
217,2020-03-11,5,0,13,0,57332,0,57332,0,445167780,0,445167780,0,7764.734877555292,7764.734877555292,,,0.0,1398-12-21
216,2020-03-14,21,0,23,0,418172,0,418172,0,3243259316,0,3243259316,0,7755.802196225477,7755.802196225477,,,0.0,1398-12-24
215,2020-03-15,3,0,4,0,2135,0,2135,0,16676485,0,16676485,0,7811.0,7811.0,,,0.0,1398-12-25
214,2020-03-16,11,0,9,0,46178,0,46178,0,358954038,0,358954038,0,7773.269478972671,7773.269478972671,,,0.0,1398-12-26
213,2020-03-17,12,0,10,0,25316,0,25316,0,196028810,0,196028810,0,7743.277373992732,7743.277373992732,,,0.0,1398-12-27
212,2020-03-18,10,0,13,0,79350,0,79350,0,610180096,0,610180096,0,7689.730258349086,7689.730258349086,,,0.0,1398-12-28
211,2020-03-24,12,0,11,0,31065,0,31065,0,238019606,0,238019606,0,7661.986351199099,7661.986351199099,,,0.0,1399-01-05
210,2020-03-25,15,0,22,0,108170,0,108170,0,831391828,0,831391828,0,7685.974188776925,7685.974188776925,,,0.0,1399-01-06
209,2020-03-28,32,0,11,0,84976,0,84976,0,650928700,0,650928700,0,7660.147571078893,7660.147571078893,,,0.0,1399-01-09
208,2020-03-29,30,1,38,0,664376,50000,714376,0,5136493108,389500000,5525993108,0,7731.304424000867,7735.412595047986,7790.0,,-50000.0,1399-01-10
207,2020-03-30,5,0,17,0,52832,0,52832,0,410602584,0,410602584,0,7771.853876438522,7771.853876438522,,,0.0,1399-01-11
206,2020-04-04,12,0,20,0,46558,0,46558,0,360020307,0,360020307,0,7732.727071609605,7732.727071609605,,,0.0,1399-01-16
205,2020-04-05,14,0,17,1,84023,0,34023,50000,654850980,0,264850980,390000000,7793.711007700273,7784.468741733533,,7800.0,50000.0,1399-01-17
204,2020-04-06,13,0,14,0,70696,0,70696,0,548225145,0,548225145,0,7754.684069820075,7754.684069820075,,,0.0,1399-01-18
203,2020-04-07,16,0,15,0,38830,0,38830,0,298745976,0,298745976,0,7693.689827453,7693.689827453,,,0.0,1399-01-19
202,2020-04-08,9,0,25,0,92150,0,92150,0,718066524,0,718066524,0,7792.365968529572,7792.365968529572,,,0.0,1399-01-20
201,2020-04-11,5,0,13,0,54780,0,54780,0,428473460,0,428473460,0,7821.713399050748,7821.713399050748,,,0.0,1399-01-23
200,2020-04-12,9,0,9,0,11425,0,11425,0,88246035,0,88246035,0,7723.941794310722,7723.941794310722,,,0.0,1399-01-24
199,2020-04-13,9,0,13,0,41620,0,41620,0,322120220,0,322120220,0,7739.55358000961,7739.55358000961,,,0.0,1399-01-25
198,2020-04-14,4,0,3,0,9930,0,9930,0,76234110,0,76234110,0,7677.151057401813,7677.151057401813,,,0.0,1399-01-26
197,2020-04-15,4,0,4,0,13600,0,13600,0,104393600,0,104393600,0,7676.0,7676.0,,,0.0,1399-01-27
196,2020-04-18,25,0,31,0,444267,0,444267,0,3453969119,0,3453969119,0,7774.534500649384,7774.534500649384,,,0.0,1399-01-30
195,2020-04-19,11,0,10,0,220766,0,220766,0,1731688504,0,1731688504,0,7844.0,7844.0,,,0.0,1399-01-31
194,2020-04-20,22,0,11,0,115503,0,115503,0,905684610,0,905684610,0,7841.221526713592,7841.221526713592,,,0.0,1399-02-01
193,2020-04-21,9,0,16,0,155484,0,155484,0,1224741920,0,1224741920,0,7876.964317871935,7876.964317871935,,,0.0,1399-02-02
192,2020-04-22,20,0,8,0,125698,0,125698,0,991661204,0,991661204,0,7889.236137408709,7889.236137408709,,,0.0,1399-02-03
191,2020-04-25,17,0,22,0,206706,0,206706,0,1633393445,0,1633393445,0,7902.012737898271,7902.012737898271,,,0.0,1399-02-06
190,2020-04-26,8,0,8,0,18076,0,18076,0,143241908,0,143241908,0,7924.425094047356,7924.425094047356,,,0.0,1399-02-07
189,2020-04-27,5,0,9,0,54055,0,54055,0,428923909,0,428923909,0,7934.953454814541,7934.953454814541,,,0.0,1399-02-08
188,2020-04-28,22,0,14,0,102167,0,102167,0,808343556,0,808343556,0,7911.982890757289,7911.982890757289,,,0.0,1399-02-09
187,2020-04-29,21,0,13,0,42934,0,42934,0,336670023,0,336670023,0,7841.571318768342,7841.571318768342,,,0.0,1399-02-10
186,2020-05-02,40,0,17,0,167420,0,167420,0,1329924096,0,1329924096,0,7943.639326245371,7943.639326245371,,,0.0,1399-02-13
185,2020-05-03,49,0,25,0,176865,0,176865,0,1405614333,0,1405614333,0,7947.385480451191,7947.385480451191,,,0.0,1399-02-14
184,2020-05-04,12,0,20,0,76708,0,76708,0,610540672,0,610540672,0,7959.282890963133,7959.282890963133,,,0.0,1399-02-15
183,2020-05-05,6,0,16,0,47793,0,47793,0,385689510,0,385689510,0,8070.0,8070.0,,,0.0,1399-02-16
182,2020-05-06,9,0,8,0,31247,0,31247,0,250069741,0,250069741,0,8003.0,8003.0,,,0.0,1399-02-17
181,2020-05-09,28,0,26,0,119236,0,119236,0,953021431,0,953021431,0,7992.732320775604,7992.732320775604,,,0.0,1399-02-20
180,2020-05-10,16,0,17,0,70064,0,70064,0,560153159,0,560153159,0,7994.878382621603,7994.878382621603,,,0.0,1399-02-21
179,2020-05-11,8,0,20,0,41109,0,41109,0,326830123,0,326830123,0,7950.330171008782,7950.330171008782,,,0.0,1399-02-22
178,2020-05-12,9,0,14,0,38909,0,38909,0,308494398,0,308494398,0,7928.612865917911,7928.612865917911,,,0.0,1399-02-23
177,2020-05-13,4,0,7,0,35825,0,35825,0,287411800,0,287411800,0,8022.660153524075,8022.660153524075,,,0.0,1399-02-24
176,2020-05-16,7,0,17,0,31686,0,31686,0,254135024,0,254135024,0,8020.419869974121,8020.419869974121,,,0.0,1399-02-27
175,2020-05-17,5,0,4,0,175025,0,175025,0,1378197250,0,1378197250,0,7874.287958863019,7874.287958863019,,,0.0,1399-02-28
174,2020-05-18,6,0,9,0,45419,0,45419,0,363701190,0,363701190,0,8007.688192166274,8007.688192166274,,,0.0,1399-02-29
173,2020-05-19,7,0,7,0,39386,0,39386,0,315718176,0,315718176,0,8016.0,8016.0,,,0.0,1399-02-30
172,2020-05-20,6,0,9,0,46485,0,46485,0,372676065,0,372676065,0,8017.125201677961,8017.125201677961,,,0.0,1399-02-31
171,2020-05-23,5,0,13,0,92691,0,92691,0,744030657,0,744030657,0,8027.0,8027.0,,,0.0,1399-03-03
170,2020-05-26,8,0,7,0,97411,0,97411,0,783087029,0,783087029,0,8039.0,8039.0,,,0.0,1399-03-06
169,2020-05-27,12,0,3,0,59101,0,59101,0,480550231,0,480550231,0,8131.0,8131.0,,,0.0,1399-03-07
168,2020-05-30,8,0,5,0,275310,0,275310,0,2219670860,0,2219670860,0,8062.4418292107075,8062.4418292107075,,,0.0,1399-03-10
167,2020-05-31,3,0,4,0,70510,0,70510,0,571129416,0,571129416,0,8099.977535101404,8099.977535101404,,,0.0,1399-03-11
166,2020-06-01,3,0,5,0,15930,0,15930,0,129176370,0,129176370,0,8109.0,8109.0,,,0.0,1399-03-12
165,2020-06-02,1,0,5,0,21590,0,21590,0,175116490,0,175116490,0,8111.0,8111.0,,,0.0,1399-03-13
164,2020-06-06,4,0,6,0,51882,0,51882,0,425121108,0,425121108,0,8194.0,8194.0,,,0.0,1399-03-17
163,2020-06-07,11,0,9,0,69119,0,69119,0,561090113,0,561090113,0,8117.740606779612,8117.740606779612,,,0.0,1399-03-18
162,2020-06-08,2,0,4,0,10510,0,10510,0,85498850,0,85498850,0,8135.0,8135.0,,,0.0,1399-03-19
161,2020-06-09,1,0,5,0,14151,0,14151,0,115132536,0,115132536,0,8136.0,8136.0,,,0.0,1399-03-20
160,2020-06-10,4,0,6,0,8780,0,8780,0,71451640,0,71451640,0,8138.0,8138.0,,,0.0,1399-03-21
159,2020-06-13,3,0,5,0,24114,0,24114,0,196263846,0,196263846,0,8139.0,8139.0,,,0.0,1399-03-24
158,2020-06-14,5,0,3,0,21167,0,21167,0,174056241,0,174056241,0,8223.0,8223.0,,,0.0,1399-03-25
157,2020-06-15,2,0,4,0,12543,0,12543,0,102187821,0,102187821,0,8147.0,8147.0,,,0.0,1399-03-26
156,2020-06-16,13,0,5,0,79632,0,79632,0,648108208,0,648108208,0,8138.79103877838,8138.79103877838,,,0.0,1399-03-27
155,2020-06-20,23,0,12,0,106818,0,106818,0,862667852,0,862667852,0,8076.053212005468,8076.053212005468,,,0.0,1399-03-31
154,2020-06-21,26,0,12,0,113125,0,113125,0,918585646,0,918585646,0,8120.094108287293,8120.094108287293,,,0.0,1399-04-01
153,2020-06-22,21,0,20,0,954297,0,954297,0,7778773302,0,7778773302,0,8151.312748546836,8151.312748546836,,,0.0,1399-04-02
152,2020-06-23,13,0,13,0,121907,0,121907,0,1003513424,0,1003513424,0,8231.794925640037,8231.794925640037,,,0.0,1399-04-03
151,2020-06-24,11,0,10,0,108983,0,108983,0,898776484,0,898776484,0,8246.942036831433,8246.942036831433,,,0.0,1399-04-04
150,2020-06-27,16,0,13,0,120086,0,120086,0,987752420,0,987752420,0,8225.375314358043,8225.375314358043,,,0.0,1399-04-07
149,2020-06-28,12,0,14,0,119132,0,119132,0,976291330,0,976291330,0,8195.038528690864,8195.038528690864,,,0.0,1399-04-08
148,2020-06-29,8,0,8,0,112868,0,112868,0,933060200,0,933060200,0,8266.82673565581,8266.82673565581,,,0.0,1399-04-09
147,2020-06-30,2,0,11,0,28913,0,28913,0,239602031,0,239602031,0,8287.0,8287.0,,,0.0,1399-04-10
146,2020-07-01,4,0,11,0,65714,0,65714,0,544834774,0,544834774,0,8291.0,8291.0,,,0.0,1399-04-11
145,2020-07-04,3,0,5,0,17650,0,17650,0,147942300,0,147942300,0,8382.0,8382.0,,,0.0,1399-04-14
144,2020-07-05,1,0,2,0,5627,0,5627,0,46732235,0,46732235,0,8305.0,8305.0,,,0.0,1399-04-15
143,2020-07-06,2,0,9,0,9652,0,9652,0,80169512,0,80169512,0,8306.0,8306.0,,,0.0,1399-04-16
142,2020-07-07,11,0,6,0,26505,0,26505,0,220174937,0,220174937,0,8306.92084512356,8306.92084512356,,,0.0,1399-04-17
141,2020-07-08,1,0,9,0,34806,0,34806,0,289272666,0,289272666,0,8311.0,8311.0,,,0.0,1399-04-18
140,2020-07-11,5,0,8,0,24104,0,24104,0,200448864,0,200448864,0,8316.0,8316.0,,,0.0,1399-04-21
139,2020-07-12,1,0,3,0,3385,0,3385,0,28159815,0,28159815,0,8319.0,8319.0,,,0.0,1399-04-22
138,2020-07-13,13,0,7,0,46597,0,46597,0,391061565,0,391061565,0,8392.419361761487,8392.419361761487,,,0.0,1399-04-23
137,2020-07-14,6,0,10,0,103106,0,103106,0,858321086,0,858321086,0,8324.647314414293,8324.647314414293,,,0.0,1399-04-24
136,2020-07-15,10,0,7,0,15525,0,15525,0,129499000,0,129499000,0,8341.320450885669,8341.320450885669,,,0.0,1399-04-25
135,2020-07-18,10,0,8,0,199407,0,199407,0,1663744822,0,1663744822,0,8343.462476242057,8343.462476242057,,,0.0,1399-04-28
134,2020-07-19,8,0,4,0,74700,0,74700,0,625388400,0,625388400,0,8372.0,8372.0,,,0.0,1399-04-29
133,2020-07-20,8,0,10,0,84849,0,84849,0,711289167,0,711289167,0,8383.0,8383.0,,,0.0,1399-04-30
132,2020-07-21,16,0,8,0,34340,0,34340,0,287886300,0,287886300,0,8383.410017472335,8383.410017472335,,,0.0,1399-04-31
131,2020-07-22,4,0,4,0,25958,0,25958,0,218021242,0,218021242,0,8399.0,8399.0,,,0.0,1399-05-01
130,2020-07-25,15,0,9,0,115102,0,115102,0,967202106,0,967202106,0,8403.0,8403.0,,,0.0,1399-05-04
129,2020-07-26,10,0,7,0,20666,0,20666,0,173987054,0,173987054,0,8419.0,8419.0,,,0.0,1399-05-05
128,2020-07-27,27,0,18,0,476474,0,476474,0,4007383727,0,4007383727,0,8410.498216062157,8410.498216062157,,,0.0,1399-05-06
127,2020-07-28,17,0,12,0,43736,0,43736,0,367740044,0,367740044,0,8408.17733674776,8408.17733674776,,,0.0,1399-05-07
126,2020-07-29,7,0,11,0,30118,0,30118,0,255067082,0,255067082,0,8468.924961816854,8468.924961816854,,,0.0,1399-05-08
125,2020-08-01,23,0,11,0,72449,0,72449,0,614239775,0,614239775,0,8478.236759651618,8478.236759651618,,,0.0,1399-05-11
124,2020-08-02,23,0,12,0,106699,0,106699,0,906286906,0,906286906,0,8493.865040909473,8493.865040909473,,,0.0,1399-05-12
123,2020-08-04,35,0,23,0,720510,0,720510,0,6113589272,0,6113589272,0,8485.085941902264,8485.085941902264,,,0.0,1399-05-14
122,2020-08-05,19,0,17,0,30963,0,30963,0,263519028,0,263519028,0,8510.771824435617,8510.771824435617,,,0.0,1399-05-15
121,2020-08-09,14,0,8,0,32114,0,32114,0,269878628,0,269878628,0,8403.768699009777,8403.768699009777,,,0.0,1399-05-19
120,2020-08-10,3,0,6,0,21492,0,21492,0,180489816,0,180489816,0,8398.0,8398.0,,,0.0,1399-05-20
119,2020-08-11,4,0,4,0,7786,0,7786,0,65363470,0,65363470,0,8395.0,8395.0,,,0.0,1399-05-21
118,2020-08-12,3,0,2,0,3310,0,3310,0,27502790,0,27502790,0,8309.0,8309.0,,,0.0,1399-05-22
117,2020-08-15,2,0,2,0,19700,0,19700,0,165342100,0,165342100,0,8393.0,8393.0,,,0.0,1399-05-25
116,2020-08-16,2,0,1,0,2200,0,2200,0,18458000,0,18458000,0,8390.0,8390.0,,,0.0,1399-05-26
115,2020-08-17,5,0,1,0,6894,0,6894,0,57840660,0,57840660,0,8390.0,8390.0,,,0.0,1399-05-27
114,2020-08-19,2,0,1,0,2000,0,2000,0,16778000,0,16778000,0,8389.0,8389.0,,,0.0,1399-05-29
113,2020-08-22,2,0,1,0,1600,0,1600,0,13422400,0,13422400,0,8389.0,8389.0,,,0.0,1399-06-01
112,2020-08-24,2,0,1,0,1212,0,1212,0,10064448,0,10064448,0,8304.0,8304.0,,,0.0,1399-06-03
111,2020-08-25,1,0,1,0,600,0,600,0,5033400,0,5033400,0,8389.0,8389.0,,,0.0,1399-06-04
110,2020-08-26,6,0,2,0,7147,0,7147,0,59956183,0,59956183,0,8389.0,8389.0,,,0.0,1399-06-05
109,2020-08-31,4,1,3,0,41062,1200,42262,0,344428056,10065600,354493656,0,8388.0,8388.0,8388.0,,-1200.0,1399-06-10
108,2020-09-01,1,0,1,0,603,0,603,0,5003091,0,5003091,0,8297.0,8297.0,,,0.0,1399-06-11
107,2020-09-02,1,0,1,0,650,0,650,0,5448300,0,5448300,0,8382.0,8382.0,,,0.0,1399-06-12
106,2020-09-05,2,0,2,0,1711,0,1711,0,14341602,0,14341602,0,8382.0,8382.0,,,0.0,1399-06-15
105,2020-09-06,2,0,1,0,2500,0,2500,0,20955000,0,20955000,0,8382.0,8382.0,,,0.0,1399-06-16
104,2020-09-07,2,0,1,0,2051,0,2051,0,17017147,0,17017147,0,8297.0,8297.0,,,0.0,1399-06-17
103,2020-09-08,1,0,1,0,1000,0,1000,0,8381000,0,8381000,0,8381.0,8381.0,,,0.0,1399-06-18
102,2020-09-09,2,0,1,0,20604,0,20604,0,172682124,0,172682124,0,8381.0,8381.0,,,0.0,1399-06-19
101,2020-09-12,4,0,1,0,7352,0,7352,0,61595056,0,61595056,0,8378.0,8378.0,,,0.0,1399-06-22
100,2020-09-14,2,0,1,0,1260,0,1260,0,10555020,0,10555020,0,8377.0,8377.0,,,0.0,1399-06-24
99,2020-09-15,1,0,1,0,2378,0,2378,0,19920506,0,19920506,0,8377.0,8377.0,,,0.0,1399-06-25
98,2020-09-16,2,0,1,0,1200,0,1200,0,10052400,0,10052400,0,8377.0,8377.0,,,0.0,1399-06-26
97,2020-09-19,2,0,1,0,703,0,703,0,5829276,0,5829276,0,8292.0,8292.0,,,0.0,1399-06-29
96,2020-09-22,1,0,1,0,600,0,600,0,5026200,0,5026200,0,8377.0,8377.0,,,0.0,1399-07-01
95,2020-09-23,1,0,1,0,700,0,700,0,5804400,0,5804400,0,8292.0,8292.0,,,0.0,1399-07-02
94,2020-09-28,1,0,1,0,597,0,597,0,5001069,0,5001069,0,8377.0,8377.0,,,0.0,1399-07-07
93,2020-09-29,1,0,1,0,700,0,700,0,5804400,0,5804400,0,8292.0,8292.0,,,0.0,1399-07-08
92,2020-10-20,3,0,3,0,7547,0,7547,0,63221219,0,63221219,0,8377.0,8377.0,,,0.0,1399-07-29
91,2020-10-24,8,0,1,0,16767,0,16767,0,140440392,0,140440392,0,8376.0,8376.0,,,0.0,1399-08-03
90,2020-10-26,1,0,1,0,1000,0,1000,0,8289000,0,8289000,0,8289.0,8289.0,,,0.0,1399-08-05
89,2020-10-28,1,0,1,0,610,0,610,0,5108140,0,5108140,0,8374.0,8374.0,,,0.0,1399-08-07
88,2020-10-31,1,0,1,0,600,0,600,0,5024400,0,5024400,0,8374.0,8374.0,,,0.0,1399-08-10
87,2020-11-02,1,0,1,0,3569,0,3569,0,29886806,0,29886806,0,8374.0,8374.0,,,0.0,1399-08-12
86,2020-11-04,1,0,1,0,1000,0,1000,0,8373000,0,8373000,0,8373.0,8373.0,,,0.0,1399-08-14
85,2020-11-08,1,0,1,0,700,0,700,0,5801600,0,5801600,0,8288.0,8288.0,,,0.0,1399-08-18
84,2020-11-11,4,0,1,0,4600,0,4600,0,38515800,0,38515800,0,8373.0,8373.0,,,0.0,1399-08-21
83,2020-11-14,40,0,69,0,839005,0,839005,0,6972764293,0,6972764293,0,8310.75415879524,8310.75415879524,,,0.0,1399-08-24
82,2020-11-15,17,0,45,0,468711,0,468711,0,3884152634,0,3884152634,0,8286.881754428636,8286.881754428636,,,0.0,1399-08-25
81,2020-11-16,7,0,4,0,6660,0,6660,0,54793072,0,54793072,0,8227.187987987989,8227.187987987989,,,0.0,1399-08-26
80,2020-11-17,1,0,1,0,800,0,800,0,6567200,0,6567200,0,8209.0,8209.0,,,0.0,1399-08-27
79,2020-11-18,1,0,2,0,700,0,700,0,5746300,0,5746300,0,8209.0,8209.0,,,0.0,1399-08-28
78,2020-11-21,3,0,1,0,2635,0,2635,0,21412010,0,21412010,0,8126.0,8126.0,,,0.0,1399-09-01
77,2020-11-22,1,0,1,0,1000,0,1000,0,8208000,0,8208000,0,8208.0,8208.0,,,0.0,1399-09-02
76,2020-11-24,13,0,22,0,486844,0,486844,0,4005009770,0,4005009770,0,8226.47453804504,8226.47453804504,,,0.0,1399-09-04
75,2020-11-25,17,0,25,0,491706,0,491706,0,4068141336,0,4068141336,0,8273.523886224695,8273.523886224695,,,0.0,1399-09-05
74,2020-11-28,5,0,12,0,59985,0,59985,0,500814765,0,500814765,0,8349.0,8349.0,,,0.0,1399-09-08
73,2020-11-29,3,0,7,0,17549,0,17549,0,146656993,0,146656993,0,8357.0,8357.0,,,0.0,1399-09-09
72,2020-11-30,8,0,11,0,34037,0,34037,0,283992943,0,283992943,0,8343.653759144461,8343.653759144461,,,0.0,1399-09-10
71,2020-12-01,6,0,8,0,10000,0,10000,0,83620912,0,83620912,0,8362.0912,8362.0912,,,0.0,1399-09-11
70,2020-12-02,1,0,6,0,6396,0,6396,0,53496144,0,53496144,0,8364.0,8364.0,,,0.0,1399-09-12
69,2020-12-05,3,0,4,0,107000,0,107000,0,903936000,0,903936000,0,8448.0,8448.0,,,0.0,1399-09-15
68,2020-12-06,2,0,6,0,66628,0,66628,0,559342060,0,559342060,0,8395.0,8395.0,,,0.0,1399-09-16
67,2020-12-07,3,0,5,0,16549,0,16549,0,139077796,0,139077796,0,8404.0,8404.0,,,0.0,1399-09-17
66,2020-12-08,1,0,3,0,21200,0,21200,0,178207200,0,178207200,0,8406.0,8406.0,,,0.0,1399-09-18
65,2020-12-09,1,0,10,1,31736,0,30536,1200,269502112,0,259311712,10190400,8492.0,8492.0,,8492.0,1200.0,1399-09-19
64,2020-12-12,1,0,3,0,2290,0,2290,0,19277220,0,19277220,0,8418.0,8418.0,,,0.0,1399-09-22
63,2020-12-13,3,0,3,0,6508,0,6508,0,54784344,0,54784344,0,8418.0,8418.0,,,0.0,1399-09-23
62,2020-12-14,1,0,3,0,6265,0,6265,0,52745035,0,52745035,0,8419.0,8419.0,,,0.0,1399-09-24
61,2020-12-15,1,0,5,0,17450,0,17450,0,148377350,0,148377350,0,8503.0,8503.0,,,0.0,1399-09-25
60,2020-12-16,1,0,1,0,2000,0,2000,0,16850000,0,16850000,0,8425.0,8425.0,,,0.0,1399-09-26
59,2020-12-19,3,0,5,0,73489,0,73489,0,619058380,0,619058380,0,8423.823701506348,8423.823701506348,,,0.0,1399-09-29
58,2020-12-20,1,0,3,0,15800,0,15800,0,133273000,0,133273000,0,8435.0,8435.0,,,0.0,1399-09-30
57,2020-12-21,2,0,1,0,23292,0,23292,0,196514604,0,196514604,0,8437.0,8437.0,,,0.0,1399-10-01
56,2020-12-22,1,0,1,0,1000,0,1000,0,8440000,0,8440000,0,8440.0,8440.0,,,0.0,1399-10-02
55,2020-12-23,1,0,4,0,45112,0,45112,0,384534688,0,384534688,0,8524.0,8524.0,,,0.0,1399-10-03
54,2020-12-26,1,0,3,0,17350,0,17350,0,146659550,0,146659550,0,8453.0,8453.0,,,0.0,1399-10-06
53,2020-12-27,3,0,4,0,6083,0,6083,0,51431765,0,51431765,0,8455.0,8455.0,,,0.0,1399-10-07
52,2020-12-28,2,0,2,0,4008,0,4008,0,33891648,0,33891648,0,8456.0,8456.0,,,0.0,1399-10-08
51,2020-12-30,1,0,1,0,771,0,771,0,6520347,0,6520347,0,8457.0,8457.0,,,0.0,1399-10-10
50,2021-01-02,3,0,5,0,25370,0,25370,0,214554090,0,214554090,0,8457.0,8457.0,,,0.0,1399-10-13
49,2021-01-03,1,0,7,0,42748,0,42748,0,361690828,0,361690828,0,8461.0,8461.0,,,0.0,1399-10-14
48,2021-01-04,2,0,1,0,1283,0,1283,0,10970933,0,10970933,0,8551.0,8551.0,,,0.0,1399-10-15
47,2021-01-05,1,0,2,0,8000,0,8000,0,67736000,0,67736000,0,8467.0,8467.0,,,0.0,1399-10-16
46,2021-01-06,3,0,6,0,8975,0,8975,0,76000300,0,76000300,0,8468.0,8468.0,,,0.0,1399-10-17
45,2021-01-09,1,0,3,0,51018,0,51018,0,432071442,0,432071442,0,8469.0,8469.0,,,0.0,1399-10-20
44,2021-01-10,2,0,4,0,86248,0,86248,0,738282880,0,738282880,0,8560.0,8560.0,,,0.0,1399-10-21
43,2021-01-13,5,0,2,0,60000,0,60000,0,510060000,0,510060000,0,8501.0,8501.0,,,0.0,1399-10-24
42,2021-01-16,1,0,3,0,5660,0,5660,0,48636380,0,48636380,0,8593.0,8593.0,,,0.0,1399-10-27
41,2021-01-19,5,0,2,0,17298,0,17298,0,147223278,0,147223278,0,8511.0,8511.0,,,0.0,1399-10-30
40,2021-01-23,1,0,2,0,2090,0,2090,0,17967730,0,17967730,0,8597.0,8597.0,,,0.0,1399-11-04
39,2021-01-24,1,0,2,0,15900,0,15900,0,135372600,0,135372600,0,8514.0,8514.0,,,0.0,1399-11-05
38,2021-01-25,2,0,1,0,58586,0,58586,0,498918376,0,498918376,0,8516.0,8516.0,,,0.0,1399-11-06
37,2021-01-26,8,0,3,0,355168,0,355168,0,3027452032,0,3027452032,0,8524.0,8524.0,,,0.0,1399-11-07
36,2021-01-30,2,0,3,0,4583,0,4583,0,39294642,0,39294642,0,8574.0,8574.0,,,0.0,1399-11-11
35,2021-01-31,1,0,2,0,1205,0,1205,0,10332875,0,10332875,0,8575.0,8575.0,,,0.0,1399-11-12
34,2021-02-02,1,0,2,0,1319,0,1319,0,11422540,0,11422540,0,8660.0,8660.0,,,0.0,1399-11-14
33,2021-02-03,1,0,1,0,1500,0,1500,0,12862500,0,12862500,0,8575.0,8575.0,,,0.0,1399-11-15
32,2021-02-06,1,0,4,0,14670,0,14670,0,125795250,0,125795250,0,8575.0,8575.0,,,0.0,1399-11-18
31,2021-02-07,1,0,2,0,12432,0,12432,0,106629264,0,106629264,0,8577.0,8577.0,,,0.0,1399-11-19
30,2021-02-08,1,0,3,0,10800,0,10800,0,93571200,0,93571200,0,8664.0,8664.0,,,0.0,1399-11-20
29,2021-02-09,1,0,2,0,2200,0,2200,0,18880400,0,18880400,0,8582.0,8582.0,,,0.0,1399-11-21
28,2021-02-13,1,0,3,0,4855,0,4855,0,41665610,0,41665610,0,8582.0,8582.0,,,0.0,1399-11-25
27,2021-02-14,3,0,3,0,41059,0,41059,0,352409397,0,352409397,0,8583.0,8583.0,,,0.0,1399-11-26
26,2021-02-15,21,0,13,0,338673,0,338673,0,2937988275,0,2937988275,0,8675.0,8675.0,,,0.0,1399-11-27
25,2021-02-16,3,0,4,0,151612,0,151612,0,1317356668,0,1317356668,0,8689.0,8689.0,,,0.0,1399-11-28
24,2021-02-17,1,0,3,0,20515,0,20515,0,178706165,0,178706165,0,8711.0,8711.0,,,0.0,1399-11-29
23,2021-02-20,13,0,5,0,684270,0,684270,0,5962728780,0,5962728780,0,8714.0,8714.0,,,0.0,1399-12-02
22,2021-02-21,1,0,3,0,15400,0,15400,0,136875200,0,136875200,0,8888.0,8888.0,,,0.0,1399-12-03
21,2021-02-23,1,0,2,0,4032,0,4032,0,35505792,0,35505792,0,8806.0,8806.0,,,0.0,1399-12-05
20,2021-02-24,1,0,2,0,1609,0,1609,0,14170463,0,14170463,0,8807.0,8807.0,,,0.0,1399-12-06
19,2021-02-27,2,0,3,0,86330,0,86330,0,767819020,0,767819020,0,8894.0,8894.0,,,0.0,1399-12-09
18,2021-03-01,2,0,5,0,25993,0,25993,0,229596169,0,229596169,0,8833.0,8833.0,,,0.0,1399-12-11
17,2021-03-03,1,0,3,0,25320,0,25320,0,225981000,0,225981000,0,8925.0,8925.0,,,0.0,1399-12-13
16,2021-03-06,2,0,2,0,6000,0,6000,0,53070000,0,53070000,0,8845.0,8845.0,,,0.0,1399-12-16
15,2021-03-07,1,0,1,0,2834,0,2834,0,25069564,0,25069564,0,8846.0,8846.0,,,0.0,1399-12-17
14,2021-03-09,1,0,2,0,16160,0,16160,0,142951360,0,142951360,0,8846.0,8846.0,,,0.0,1399-12-19
13,2021-03-27,6,0,6,0,310419,0,310419,0,2746587312,0,2746587312,0,8848.0,8848.0,,,0.0,1400-01-07
12,2021-03-28,2,0,3,0,271580,0,271580,0,2415975680,0,2415975680,0,8896.0,8896.0,,,0.0,1400-01-08
11,2021-03-30,1,0,3,0,80000,0,80000,0,715040000,0,715040000,0,8938.0,8938.0,,,0.0,1400-01-10
10,2021-04-03,1,0,1,0,2000,0,2000,0,18078000,0,18078000,0,9039.0,9039.0,,,0.0,1400-01-14
9,2021-04-06,5,0,2,0,135000,0,135000,0,1208385000,0,1208385000,0,8951.0,8951.0,,,0.0,1400-01-17
8,2021-04-07,9,0,2,0,222252,0,222252,0,1994044944,0,1994044944,0,8972.0,8972.0,,,0.0,1400-01-18
7,2021-04-10,6,0,4,0,11564,0,11564,0,104168512,0,104168512,0,9008.0,9008.0,,,0.0,1400-01-21
6,2021-04-11,0,1,2,0,0,1259,1259,0,0,11343590,11343590,0,,9010.0,9010.0,,-1259.0,1400-01-22
5,2021-04-12,0,1,2,0,0,1484,1484,0,0,13370840,13370840,0,,9010.0,9010.0,,-1484.0,1400-01-23
4,2021-04-13,0,1,1,0,0,3896,3896,0,0,35102960,35102960,0,,9010.0,9010.0,,-3896.0,1400-01-24
3,2021-04-21,1,0,1,0,560,0,560,0,5046160,0,5046160,0,9011.0,9011.0,,,0.0,1400-02-01
2,2021-04-24,1,0,2,0,2400,0,2400,0,21626400,0,21626400,0,9011.0,9011.0,,,0.0,1400-02-04
1,2021-04-25,1,0,1,0,572,0,572,0,5154292,0,5154292,0,9011.0,9011.0,,,0.0,1400-02-05
0,2021-05-08,1,0,1,0,91,0,91,0,820001,0,820001,0,9011.0,9011.0,,,0.0,1400-02-18
