date,individual_buy_count,corporate_buy_count,individual_sell_count,corporate_sell_count,individual_buy_vol,corporate_buy_vol,individual_sell_vol,corporate_sell_vol,individual_buy_value,corporate_buy_value,individual_sell_value,corporate_sell_value,individual_buy_mean_price,individual_sell_mean_price,corporate_buy_mean_price,corporate_sell_mean_price,individual_ownership_change,jdate
2019-07-08,110,8,6,1,3699230,8910000,50387,12558843,45500529000,109593000000,619760100,154473768900,12300.0,12300.0,12300.0,12300.0,3648843.0,1398-04-17
2019-07-09,142,2,87,2,3509387,217488,221875,3505000,45323733105,2808857520,2865515625,45267075000,12915.0,12915.0,12915.0,12915.0,3287512.0,1398-04-18
2019-07-10,78,9,96,1,4425509,500000,925509,4000000,60009902040,6780000000,12549902040,54240000000,13560.0,13560.0,13560.0,13560.0,3500000.0,1398-04-19
2019-07-13,691,20,715,8,10794033,1144207,10917488,1020752,152499139235,16243351790,154253097358,14489393667,14128.096443192271,14128.991701937295,14196.165370426854,14194.82270620092,-123455.0,1398-04-22
2019-07-14,392,1,410,6,2949466,290871,3033439,206898,41288353022,4037382278,42442342824,2883392476,13998.585853167997,13991.493754777994,13880.319034898632,13936.29941323744,-83973.0,1398-04-23
2019-07-15,313,3,330,2,2657706,331944,2819650,170000,37966995206,4667564544,40227215233,2407344517,14285.6264786248,14266.740635539873,14061.301135131229,14160.8501,-161944.0,1398-04-24
2019-07-16,185,3,136,0,951076,980000,1931076,0,12937008047,13288782646,26225790693,0,13602.49659017786,13580.921047643904,13559.982291836735,,-980000.0,1398-04-25
2019-07-17,229,3,349,3,3498267,2120751,5018018,601000,48734105507,29783788178,69948749041,8569144644,13930.927944322146,13939.517363429146,14043.981673473218,14258.144166389353,-1519751.0,1398-04-26
2019-07-20,191,3,152,1,1297959,249577,1449075,98461,18141008955,3488422706,20239659122,1389772539,13976.565480881907,13967.295772820593,13977.340484099095,14114.954540376391,-151116.0,1398-04-29
2019-07-21,417,5,159,0,1511946,483681,1995627,0,20310273521,6496401553,26806675074,0,13433.200339826952,13432.70815337736,13431.169620059502,,-483681.0,1398-04-30
2019-07-22,172,2,154,1,875140,335000,1028618,181522,11777425672,4504725086,13842584350,2439566408,13457.761811824394,13457.458794226815,13446.94055522388,13439.508202862464,-153478.0,1398-04-31
2019-07-23,399,3,90,2,2016661,446386,2406701,56346,25912539112,5723874466,30907921843,728491735,12849.229053370893,12842.44359519525,12822.70157666235,12928.898857061726,-390040.0,1398-05-01
2019-07-24,196,2,141,1,1167700,493321,1652111,8910,14753394116,6242227693,20879880909,115740900,12634.57576089749,12638.303908756736,12653.480579582058,12990.0,-484411.0,1398-05-02
2019-07-27,160,0,173,1,909676,0,856126,53550,11853229059,0,11148557901,704671158,13030.165750223156,13022.099435129876,,13159.125266106445,53550.0,1398-05-05
2019-07-28,145,0,66,1,401089,0,386856,14233,5174447358,0,4985509218,188938140,12900.995434928407,12887.248014765184,,13274.653270568397,14233.0,1398-05-06
2019-07-29,117,1,65,2,524433,6320,496441,34312,6817176186,81591200,6452011692,446755694,12999.13656463266,12996.532703785546,12910.0,13020.392107717416,27992.0,1398-05-07
2019-07-30,122,1,124,1,798265,5000,706945,96320,10386374821,65835000,9190470819,1261739002,13011.186537052232,13000.262847887743,13167.0,13099.449771594684,91320.0,1398-05-08
2019-07-31,153,2,176,0,784231,102650,886881,0,10347387680,1354465885,11701853565,0,13194.310961948711,13194.389737743846,13194.991573307356,,-102650.0,1398-05-09
2019-08-03,210,1,110,2,575356,241000,720144,96212,7616334906,3172121488,9510563893,1277892501,13237.60403298132,13206.475223010952,13162.32982572614,13282.04902714838,-144788.0,1398-05-12
2019-08-04,266,1,109,2,1252414,2000,1229208,25206,16201427229,25828000,15898984194,328271035,12936.15947202762,12934.331857586349,12914.0,13023.527533127031,23206.0,1398-05-13
2019-08-05,241,6,174,0,1054510,346863,1401373,0,13830566191,4507029328,18337595519,0,13115.633034300292,13085.449426383982,12993.687213683788,,-346863.0,1398-05-14
2019-08-06,229,3,173,3,1063173,1126636,1541733,648076,14015569292,14832438443,20339284580,8508723155,13182.773915439917,13192.4818240253,13165.244535945949,13129.20576444738,-478560.0,1398-05-15
2019-08-07,242,2,217,3,1940036,218851,2088584,70303,26140482780,2903353410,28089659061,954177129,13474.225622617312,13449.140212220336,13266.347469282757,13572.352943686614,-148548.0,1398-05-16
2019-08-10,244,2,282,5,1377643,756312,1423250,710705,19413234842,10658324772,20077174226,9994385388,14091.62957457048,14106.56892745477,14092.4972392346,14062.635535137644,-45607.0,1398-05-19
2019-08-11,384,4,309,4,2509433,186323,2500756,195000,36794505995,2713280658,36623626653,2884160000,14662.477936250938,14645.02200654522,14562.24222452408,14790.564102564103,8677.0,1398-05-20
2019-08-13,247,3,296,2,1711747,318000,2007257,22490,24915538791,4681639636,29266204327,330974100,14555.61995493493,14580.1979153641,14722.137220125784,14716.500666963097,-295510.0,1398-05-22
2019-08-14,199,3,208,4,632843,787266,1178200,241909,9053158277,11244647454,16830276181,3467529550,14305.535933873014,14284.736191648277,14283.161541334186,14334.024571223064,-545357.0,1398-05-23
2019-08-18,224,3,228,1,783096,1043180,1802534,23742,11066354823,14920637916,25648420839,338571900,14131.543033038097,14229.091289817556,14303.032953085756,14260.46247156937,-1019438.0,1398-05-27
2019-08-19,153,4,188,1,575051,811657,1376708,10000,8348002149,11806208110,20008610259,145600000,14516.977014212653,14533.663099945668,14545.809510667685,14560.0,-801657.0,1398-05-28
2019-08-21,301,2,252,2,2662421,238866,2271287,630000,40432247854,3568876030,34399903884,9601220000,15186.271387582956,15145.555750550238,14940.91260371924,15240.031746031746,391134.0,1398-05-30
2019-08-24,316,4,208,3,1674951,98661,1636000,137612,26479633488,1550262684,25844580308,2185315864,15809.198888803314,15797.420726161368,15713.024234499955,15880.271081010376,38951.0,1398-06-02
2019-08-25,362,5,386,7,2716420,1549601,3513901,752120,44556330004,25563979545,57785214077,12335095472,16402.592384093772,16444.74732697364,16497.13671132117,16400.435398606605,-797481.0,1398-06-03
2019-08-26,344,8,229,2,3063555,886507,2380062,1570000,52770794542,15276961533,40952756075,27095000000,17225.34589455714,17206.592128692446,17232.759056612074,17257.961783439492,683493.0,1398-06-04
2019-08-27,579,3,399,4,3469071,261344,3411828,318587,59101609737,4414644806,58137829571,5378424972,17036.725318392157,17040.08219963023,16892.084019529815,16882.12316258981,57243.0,1398-06-05
2019-08-28,435,5,498,4,4274451,471647,3252254,1493844,75290532723,8310972222,56948365108,26653139837,17614.0825390208,17510.42972289372,17621.17054067979,17841.9833911707,1022197.0,1398-06-06
2019-08-31,442,3,255,7,1687374,77190,1401297,363267,30003313548,1337391694,25027885390,6312819852,17781.069014930894,17860.51450192215,17325.970902966706,17377.906201223894,286077.0,1398-06-09
2019-09-01,379,4,387,5,1865186,1174655,2775280,264561,32391437480,20466318015,48203492406,4654263089,17366.331014708452,17368.875358882706,17423.25875682647,17592.400576804594,-910094.0,1398-06-10
2019-09-02,269,3,302,8,1130852,1748277,2350354,528775,19943326096,31597050778,42021307422,9519069452,17635.66416825544,17878.71419454261,18073.251994964183,18002.117066805353,-1219502.0,1398-06-11
2019-09-03,316,3,164,4,922443,21000,851352,92091,16179130855,370416314,14921391455,1628155714,17539.436967921054,17526.700418863173,17638.872095238094,17679.85703271764,71091.0,1398-06-12
2019-09-04,452,3,195,1,1447963,66575,1500959,13579,24904031909,1147842963,25814026572,237848300,17199.356550547218,17198.355566008133,17241.351303041683,17515.892186464393,-52996.0,1398-06-13
2019-09-07,466,3,196,5,1464811,335574,1521786,278599,24743200839,5695909605,25753325273,4685785171,16891.73609359842,16923.092519578968,16973.632060290725,16819.102620612422,-56975.0,1398-06-16
2019-09-08,396,5,210,4,1329151,607421,1139952,796620,22270279896,10230936192,19141397934,13359818154,16755.26700578038,16791.40694871363,16843.23754364765,16770.628598327934,189199.0,1398-06-17
2019-09-11,246,4,232,2,869191,574967,1371936,72222,15123839459,10077562265,23936865640,1264536084,17399.903426289504,17447.50895085485,17527.201152413963,17509.015036969344,-502745.0,1398-06-20
2019-09-14,399,4,234,2,1299384,107149,1237429,169104,23451538694,1939169301,22351743509,3038964486,18048.197218066405,18063.05130152922,18097.87586445044,17970.979314504682,61955.0,1398-06-23
2019-09-15,237,4,365,6,1366494,1040646,1947954,459186,24891722947,19363031848,35764340341,8490414454,18215.75722030247,18359.951180058662,18606.74220436152,18490.142238657103,-581460.0,1398-06-24
2019-09-16,271,2,233,3,1401305,1669,1064958,338016,26894803093,31851731,20460878228,6465776596,19192.68331519548,19212.84992271996,19084.32055122828,19128.611059831488,336347.0,1398-06-25
2019-09-17,390,2,186,2,2175425,188114,2307239,56300,40356142483,3483599651,42803863724,1035878410,18550.923374972703,18551.985175354614,18518.556040486088,18399.261278863232,-131814.0,1398-06-26
2019-09-18,307,2,153,0,934595,600000,1534595,0,16476833504,10576689835,27053523339,0,17629.918311140118,17629.09649712139,17627.816391666667,,-600000.0,1398-06-27
2019-09-21,238,3,137,4,763940,85000,763820,85120,13540865293,1509193638,13553847947,1496210984,17725.037690132733,17744.81939069414,17755.219270588233,17577.666635338344,120.0,1398-06-30
2019-09-22,245,3,194,5,751796,183719,785515,150000,13446734455,3294148008,14049891723,2690990740,17886.147911135467,17886.216969758694,17930.361084046832,17939.938266666668,-33719.0,1398-06-31
2019-09-23,345,2,178,10,1487996,218442,1525493,180945,26974342179,3913842952,27623367491,3264817640,18127.966862142104,18107.829725210144,17917.080744545463,18043.149244245487,-37497.0,1398-07-01
2019-09-24,313,2,225,4,1219409,20186,1143142,96453,21358533683,351625778,20011613301,1698546160,17515.47977995898,17505.798318144203,17419.28950757951,17610.091547178417,76267.0,1398-07-02
2019-09-25,233,1,231,5,810160,10000,737826,82334,14167366125,174000000,12894762670,1446603455,17487.12121679668,17476.698666081164,17400.0,17569.940182670587,72334.0,1398-07-03
2019-09-28,563,5,291,10,1630357,279166,1787453,122070,28669575730,4894787007,31417690130,2146672607,17584.845362089407,17576.792301671707,17533.607269509896,17585.58701564676,-157096.0,1398-07-06
2019-09-29,564,2,245,0,1372739,63434,1436173,0,23396966764,1081594717,24478561481,0,17044.002366072502,17044.298619316753,17050.709666740233,,-63434.0,1398-07-07
2019-09-30,362,1,226,2,1233544,10000,1193844,49700,21374564588,172000000,20681081044,865483544,17327.76827417587,17323.10171513196,17200.0,17414.155814889335,39700.0,1398-07-08
2019-10-01,368,2,241,2,1181836,185382,1332218,35000,20216404769,3149780065,22766902080,599282754,17105.93074589029,17089.471903247068,16990.75457703553,17122.3644,-150382.0,1398-07-09
2019-10-02,289,2,151,2,828540,43838,801050,71328,13946389874,739709164,13484797787,1201301251,16832.48832162599,16833.902736408465,16873.69779643232,16841.930952781517,27490.0,1398-07-10
2019-10-05,497,1,236,2,1714150,30000,1635449,108701,28621942901,495000000,27293349099,1823593802,16697.455240789895,16688.596892351885,16500.0,16776.237587510695,78701.0,1398-07-13
2019-10-06,316,1,180,3,996894,20000,883604,133290,16225257291,331000000,14351902375,2204354916,16275.80995672559,16242.459716117177,16550.0,16538.03673193788,113290.0,1398-07-14
2019-10-07,228,0,210,1,1415920,0,1165920,250000,24132166968,0,19860068933,4272098035,17043.453703599072,17033.81787172362,,17088.39214,250000.0,1398-07-15
2019-10-08,407,5,503,3,2954342,717737,3431817,240262,51841055415,12499293211,60070895859,4269452767,17547.411712997346,17504.10813251406,17414.865349006668,17769.987626008275,-477475.0,1398-07-16
2019-10-09,136,2,273,3,891002,301712,1009382,183332,15480998207,5219711292,17495446309,3205263190,17374.818695132,17332.829700747585,17300.310534549506,17483.380915497568,-118380.0,1398-07-17
2019-10-12,219,2,190,4,819685,225000,786506,258179,14590757575,4013047932,14001844421,4601961086,17800.44477451704,17802.590725309154,17835.768586666665,17824.691729381553,33179.0,1398-07-20
2019-10-13,296,3,162,3,1020064,101530,1079725,41869,17680079127,1736117000,18665068347,751127780,17332.323390493144,17286.872441593925,17099.5469319413,17939.95032124006,-59661.0,1398-07-21
2019-10-14,203,1,111,1,477281,47350,514631,10000,7930732293,784193150,8544925443,170000000,16616.48440436556,16603.985074742875,16561.629355860612,17000.0,-37350.0,1398-07-22
2019-10-15,197,1,83,0,727806,250000,977806,0,11516944934,3959870000,15476814934,0,15824.196192391928,15828.103871320078,15839.48,,-250000.0,1398-07-23
2019-10-16,220,1,128,1,792014,110000,891987,10027,11935414881,1654070000,13434266921,155217960,15069.701900471457,15061.056855088696,15037.0,15480.0,-99973.0,1398-07-24
2019-10-20,206,2,273,0,1526004,60000,1586004,0,22082513081,858790000,22941303081,0,14470.809434968716,14464.84566306264,14313.166666666666,,-60000.0,1398-07-28
2019-10-21,221,0,201,1,776413,0,703126,73287,11222527960,0,10178910325,1043617635,14454.327735367646,14476.651873206223,,14240.146751811371,73287.0,1398-07-29
2019-10-22,155,1,91,2,1120595,250615,914559,456651,16996604599,3803079550,13869639263,6930044886,15167.482095672389,15165.38491557133,15174.987730183748,15175.801401945906,206036.0,1398-07-30
2019-10-23,191,2,140,3,1077529,442081,830499,689111,17161540860,7040393944,13226463907,10975470897,15926.755437672677,15925.923940907816,15925.574598320218,15927.0,247030.0,1398-08-01
2019-10-26,112,2,98,1,399986,218119,368105,250000,6687551506,3645450844,6152502350,4180500000,16719.46394623812,16713.987449233235,16713.12835653932,16722.0,31881.0,1398-08-04
2019-10-28,176,1,84,1,677082,11772,438854,250000,11884143264,206622144,7702765408,4388000000,17552.0,17552.0,17552.0,17552.0,238228.0,1398-08-06
2019-10-30,452,2,425,4,1397989,837759,1954543,281205,25297262489,15325322564,35454623667,5167961386,18095.466050877367,18139.597679355225,18293.235362437168,18377.9142831742,-556554.0,1398-08-08
2019-11-02,362,2,419,1,1407989,450000,1837989,20000,24377655731,7864570193,31886825924,355400000,17313.811209462572,17348.75775861553,17476.82265111111,17770.0,-430000.0,1398-08-11
2019-11-03,186,2,148,2,617843,154696,611761,160778,10940521685,2685556627,10751410977,2874667335,17707.608057386748,17574.528250411517,17360.22021901019,17879.730653447612,6082.0,1398-08-12
2019-11-04,186,3,202,1,526806,376289,697705,205390,9009946553,6580326581,11961598734,3628674400,17102.96874561034,17144.206697673086,17487.427432106706,17667.239885096646,-170899.0,1398-08-13
2019-11-05,108,1,143,2,462865,35173,450838,47200,8015793539,608629810,7790594197,833829152,17317.778486167674,17280.251879832667,17303.892474341115,17665.87186440678,12027.0,1398-08-14
2019-11-09,139,1,106,1,292610,40000,293829,38781,4937093811,674100000,4964301868,646891943,16872.60794572981,16895.20730765173,16852.5,16680.641112916117,-1219.0,1398-08-18
2019-11-10,132,1,107,2,439468,10757,406988,43237,7198515481,176171100,6667931194,706755387,16380.067447459202,16383.606381514934,16377.344984661151,16346.078289428036,32480.0,1398-08-19
2019-11-11,112,1,96,3,658005,20260,427174,251091,10981168605,333464000,7097841185,4216791420,16688.579273713727,16615.80804309251,16459.23000987167,16793.877199899638,230831.0,1398-08-20
2019-11-12,104,2,116,3,374600,72396,248628,198368,6405985118,1239792400,4254063895,3391713623,17100.867907100906,17110.156116768827,17125.150560804464,17098.088517301177,125972.0,1398-08-21
2019-11-13,94,1,88,2,579598,20000,402512,197086,9829167922,337980000,6823473460,3343674462,16958.59530571189,16952.223685256587,16899.0,16965.56052687659,177086.0,1398-08-22
2019-11-16,102,2,112,5,649961,120000,381847,388114,11168457320,2032500000,6545975858,6654981462,17183.27302715086,17142.92860229359,16937.5,17146.976048274475,268114.0,1398-08-25
2019-11-17,152,1,99,0,304090,250000,554090,0,4957263510,4072120000,9029383510,0,16301.961623203655,16295.878846396794,16288.48,,-250000.0,1398-08-26
2019-11-18,150,1,58,1,460293,71553,384717,147129,7338141572,1140544526,6104101973,2374584125,15942.327109037067,15866.473207578558,15939.856134613505,16139.470294775334,75576.0,1398-08-27
2019-11-19,92,0,101,2,727792,0,559292,168500,12070897434,0,9273199262,2797698172,16585.64182348803,16580.246565300415,,16603.549982195847,168500.0,1398-08-28
2019-11-20,87,2,129,1,480819,11100,481919,10000,8226716228,187924000,8242640228,172000000,17109.798547894323,17103.787624061304,16930.09009009009,17200.0,-1100.0,1398-08-29
2019-11-23,111,1,106,1,429194,30000,449362,9832,7300032510,511000000,7639955710,171076800,17008.70121669921,17001.784107245385,17033.333333333332,17400.0,-20168.0,1398-09-02
2019-11-24,158,1,257,3,1515459,5820,948593,572686,26737475749,100040720,16631662105,10205854364,17643.153492770176,17532.980008285955,17189.12714776632,17821.029960571763,566866.0,1398-09-03
2019-11-25,28,2,77,3,1229514,800000,1019514,1010000,22774287822,14818400000,18884457822,18708230000,18523.0,18523.0,18523.0,18523.0,210000.0,1398-09-04
2019-11-26,174,1,131,3,1554907,100000,454907,1200000,30241386243,1944900000,8847486243,23338800000,19449.0,19449.0,19449.0,19449.0,1100000.0,1398-09-05
2019-11-27,569,3,498,5,3590740,840796,3210841,1220695,68618252460,15881163414,61284633128,23214782746,19109.780284843797,19086.785402329173,18888.24805779285,19017.6766071787,379899.0,1398-09-06
2019-11-30,285,6,353,3,1327270,706699,1913293,120676,26016931794,13882676442,37508747381,2390860855,19601.83820473604,19604.288198932416,19644.398028014755,19812.23155391296,-586023.0,1398-09-09
2019-12-01,261,2,282,4,2326212,329968,1202204,1453976,46785769156,6608658961,24024835749,29369592368,20112.42705136075,19983.99252456322,20028.181402439022,20199.50285836905,1124008.0,1398-09-10
2019-12-02,314,2,466,5,3707028,124588,2871949,959667,75379073185,2495818609,58221107140,19653784654,20334.09868633309,20272.333227365805,20032.57624329791,20479.796277250334,835079.0,1398-09-11
2019-12-03,301,3,270,5,1597411,80095,1245573,431933,33815213600,1664315047,26291909967,9187618680,21168.76220334028,21108.28507602525,20779.26271302828,21270.934797757986,351838.0,1398-09-12
2019-12-04,390,3,292,3,1073545,126923,1129744,70724,23431064521,2757114379,24621573280,1566605620,21825.880164315426,21793.94029089776,21722.7325149894,22150.97590634014,-56199.0,1398-09-13
2019-12-07,440,3,366,1,1110971,413839,1514810,10000,23939503140,9053106306,32776229446,216380000,21548.270062854925,21637.188456638127,21875.913836057018,21638.0,-403839.0,1398-09-16
2019-12-08,343,0,289,2,1149346,0,1102639,46707,24204802011,0,23213659131,991142880,21059.63044287795,21052.81885639815,,21220.43548076305,46707.0,1398-09-17
2019-12-09,228,3,171,1,606339,325000,931239,100,12807752911,6861249815,19666884826,2117900,21123.089412028585,21119.051957660708,21111.537892307693,21179.0,-324900.0,1398-09-18
2019-12-10,338,1,210,0,979081,10000,989081,0,20236786210,209000000,20445786210,0,20669.164461367345,20671.49829993701,20900.0,,-10000.0,1398-09-19
2019-12-11,293,3,161,1,546532,110055,636587,20000,10967489419,2249045934,12810795353,405740000,20067.4240831278,20124.18625105445,20435.654300122667,20287.0,-90055.0,1398-09-20
2019-12-14,256,2,177,3,672538,21000,603635,89903,13708366409,421800000,12283543654,1846622755,20383.036213567117,20349.28997490205,20085.714285714286,20540.16834810852,68903.0,1398-09-23
2019-12-15,181,0,193,3,796710,0,732392,64318,16277530934,0,14948244736,1329286198,20430.93589135319,20410.16933008553,,20667.405671818156,64318.0,1398-09-24
2019-12-16,128,2,135,1,644923,235259,840218,39964,13193696668,4809500487,17184566955,818630200,20457.785918629044,20452.509890290377,20443.428251416524,20484.190771694524,-195295.0,1398-09-25
2019-12-17,316,1,203,2,1117414,10000,1106414,21000,22398939091,200000000,22177534187,421404904,20045.336008856164,20044.51695929372,20000.0,20066.90019047619,11000.0,1398-09-26
2019-12-18,167,2,121,2,359416,322698,651877,30237,7197033315,6495139692,13080499957,611673050,20024.24298027912,20065.901937021863,20127.61062045628,20229.29027350597,-292461.0,1398-09-27
2019-12-21,225,0,163,1,532471,0,492471,40000,10589372375,0,9794786254,794586121,19887.22836548845,19889.06200365097,,19864.653025,40000.0,1398-09-30
2019-12-22,234,0,150,1,649593,0,639593,10000,13095698474,0,12893198474,202500000,20159.851590149523,20158.44212491381,,20250.0,10000.0,1398-10-01
2019-12-23,281,2,197,2,1043365,45934,1060947,28352,20801683680,915526200,21145871040,571338840,19937.11086724205,19931.128548362925,19931.34061914921,20151.623871331827,-17582.0,1398-10-02
2019-12-24,383,0,305,3,2082194,0,1827193,255001,42003133506,0,36788654626,5214478880,20172.536039389222,20133.973053749654,,20448.856592719243,255001.0,1398-10-03
2019-12-25,302,2,219,2,1986634,600045,2080546,506133,42064000806,12709551750,44053149483,10720403073,21173.50292303464,21173.840656731456,21180.997675174363,21181.0,-93912.0,1398-10-04
2019-12-28,309,4,273,2,1138530,445500,1544031,39999,24760413412,9651455648,33533140950,878728110,21747.703979693117,21717.91949125374,21664.322442199777,21968.75196879922,-405501.0,1398-10-07
2019-12-29,236,2,270,0,1029886,120392,1150278,0,22031973636,2579344037,24611317673,0,21392.633394375687,21395.97355856584,21424.546788823176,,-120392.0,1398-10-08
2019-12-30,266,1,308,2,1389263,130000,1328863,190400,31127863612,2920449080,29782852692,4265460000,22406.026513338365,22412.282298476217,22464.992923076923,22402.626050420167,60400.0,1398-10-09
2019-12-31,273,5,331,3,1077481,684720,1473277,288924,24232399985,15402575661,33181600946,6453374700,22489.862916376253,22522.309753019967,22494.706830529267,22335.89006105412,-395796.0,1398-10-10
2020-01-01,202,2,253,1,622058,226247,838305,10000,14013050805,5141519290,18924780095,229790000,22526.920005851545,22575.05334573932,22725.248467382997,22979.0,-216247.0,1398-10-11
2020-01-05,139,3,181,0,965270,719100,1684370,0,20607450453,15438553041,36046003494,0,21348.897669045968,21400.28823477027,21469.27136837714,,-719100.0,1398-10-15
2020-01-07,149,3,114,0,638414,350000,988414,0,13211480130,7219228776,20430708906,0,20694.220568471243,20670.19377103117,20626.367931428573,,-350000.0,1398-10-17
2020-01-11,64,0,39,1,772348,0,272348,500000,15958254376,0,5627254376,10331000000,20662.0,20662.0,,20662.0,500000.0,1398-10-21
2020-01-12,211,1,83,3,1052137,3500,555637,500000,22820283968,75922000,12048705968,10847500000,21689.46056264536,21684.49179590272,21692.0,21695.0,496500.0,1398-10-22
2020-01-13,148,3,171,0,548146,81253,629399,0,12337332687,1810959422,14148292109,0,22507.384322789912,22479.050823086785,22287.90840953565,,-81253.0,1398-10-23
2020-01-14,282,4,196,1,802867,124550,896527,30890,17377365583,2722589990,19433695463,666260110,21644.13979276767,21676.642714608708,21859.413809714973,21568.79605050178,-93660.0,1398-10-24
2020-01-15,181,1,164,2,875454,20000,875054,20400,18678286306,424000000,18668135506,434150800,21335.542822352745,21333.69541308308,21200.0,21281.901960784315,400.0,1398-10-25
2020-01-18,235,3,182,1,790369,121918,876850,35437,17305359424,2677889035,19207627989,775620470,21895.291217140348,21905.260864458003,21964.673263997112,21887.30620537856,-86481.0,1398-10-28
2020-01-19,192,2,172,2,497722,130561,588762,39521,10682743481,2809520689,12640069658,852194512,21463.273636688755,21468.895169864903,21518.835555793845,21563.080691278054,-91040.0,1398-10-29
2020-01-20,178,0,146,1,638238,0,588238,50000,13813541305,0,12730085286,1083456019,21643.24484753337,21641.04543739099,,21669.12038,50000.0,1398-10-30
2020-01-21,211,4,258,2,1380790,197227,1518718,59299,30612904135,4351551758,33647456138,1316999755,22170.57201674404,22155.17043848825,22063.67159668808,22209.476635356412,-137928.0,1398-11-01
2020-01-22,170,2,320,3,1138558,44718,1153175,30101,25984680884,1027646051,26328107075,684219860,22822.448117706783,22830.97281418692,22980.59061228141,22730.80163449719,-14617.0,1398-11-02
2020-01-25,174,0,164,3,909555,0,788555,121000,21790296123,0,18890047123,2900249000,23957.09563797681,23955.268970458623,,23969.0,121000.0,1398-11-05
2020-01-26,315,6,337,4,1652148,179496,1755187,76457,40709502874,4395262042,43200770228,1903994688,24640.348730259037,24613.20088856629,24486.68517404288,24902.817112886984,-103039.0,1398-11-06
2020-01-27,138,3,220,2,494395,142110,584198,52307,12155708906,3526131889,14408319385,1273521410,24587.03851373901,24663.417856617107,24812.693610583352,24347.05507867016,-89803.0,1398-11-07
2020-01-28,196,3,265,3,967522,221590,1110032,79080,24717057122,5665203571,28397950754,1984309939,25546.76495418192,25583.0018900356,25566.15177128932,25092.437266059685,-142510.0,1398-11-08
2020-02-01,268,3,259,2,812754,46019,848673,10100,21049055105,1182445738,21972935843,258565000,25898.433111371956,25890.933071984145,25694.729090158413,25600.49504950495,-35919.0,1398-11-12
2020-02-02,286,1,194,2,935577,279326,1064803,150100,25225215209,7512100620,28668117629,4069198200,26962.20108980875,26923.400506009093,26893.6676857865,27109.914723517653,-129226.0,1398-11-13
2020-02-03,440,2,169,2,1557736,366680,1674316,250100,44069380700,10374312805,47367614305,7076079200,28290.660740972795,28290.725469385707,28292.551557216106,28292.999600159936,-116580.0,1398-11-14
2020-02-04,554,2,294,6,2180607,320000,2037436,463171,59681295704,8875993091,56023475581,12533813214,27369.1204806735,27497.04804519013,27737.478409375,27060.876466790884,143171.0,1398-11-15
2020-02-05,357,2,274,2,885482,60229,935621,10090,23873694316,1635960989,25230243035,279412270,26961.24180502822,26966.30690739092,27162.346859486293,27691.999008919724,-50139.0,1398-11-16
2020-02-08,329,3,229,4,669718,127332,676850,120200,18036227408,3418655243,18224598371,3230284280,26931.077569962283,26925.60888084509,26848.35895925612,26874.24525790349,-7132.0,1398-11-19
2020-02-09,256,3,156,1,471251,45749,505158,11842,12411556130,1195998900,13292146818,315408212,26337.46375074005,26312.85027258798,26142.623882489235,26634.707988515453,-33907.0,1398-11-20
2020-02-10,416,3,357,4,1058609,263337,1196075,125871,27996528262,7065156839,31710580387,3351104714,26446.523940378363,26512.200645444475,26829.33594215777,26623.32637382717,-137466.0,1398-11-21
2020-02-17,320,25,248,2,1166327,368775,1287616,247486,30783492948,9865198796,33996206236,6652485508,26393.53538758856,26402.44159438839,26751.26783540099,26880.24982423248,-121289.0,1398-11-28
2020-02-18,181,4,247,1,417335,234226,574590,76971,11119584677,6259672953,15321737746,2057519884,26644.265822420835,26665.514098748677,26724.927860271702,26731.105013576544,-157255.0,1398-11-29
2020-02-19,220,1,211,4,486559,10624,415795,81388,12801842065,271898800,10932747157,2140993708,26310.97578094332,26293.59938671701,25592.88403614458,26306.01204108714,70764.0,1398-11-30
2020-02-22,301,1,227,2,858708,10000,829130,39578,21943486614,249820000,21157579796,1035726818,25554.07264634777,25517.80757661645,24982.0,26169.25610187478,29578.0,1398-12-03
2020-02-23,339,2,194,2,716464,75183,722195,69452,18933070743,1974808590,19078677535,1829201798,26425.711191350856,26417.626174371188,26266.69047524041,26337.640355929278,-5731.0,1398-12-04
2020-02-24,391,2,315,4,1224884,29662,1136751,117795,33355587047,777512565,30894356467,3238743145,27231.62931918451,27177.769332949785,26212.41200863057,27494.7420943164,88133.0,1398-12-05
2020-02-25,356,4,295,5,901180,112157,845133,168204,25411334705,3167032711,23843211212,4735156204,28197.845829911894,28212.377474314693,28237.49485988391,28151.26991034696,56047.0,1398-12-06
2020-02-26,403,3,215,2,749332,143022,870099,22255,20983797358,4020765967,24386371645,618191680,28003.338117149677,28027.12294233185,28112.919459943227,27777.65356099753,-120767.0,1398-12-07
2020-02-29,364,3,240,2,820532,350500,965851,205181,22022604249,9459667723,25888915204,5593356768,26839.42155698985,26804.25366231437,26989.066256776037,27260.598047577503,-145319.0,1398-12-10
2020-03-01,436,0,206,2,1112865,0,861838,251027,31181425978,0,24180509204,7000916774,28019.05530140673,28056.90768334652,,27889.098678628197,251027.0,1398-12-11
2020-03-02,479,2,243,2,988850,130000,1099656,19194,28116786701,3718733540,31288804391,546715850,28433.8238367801,28453.26574037699,28605.64261538461,28483.68500573096,-110806.0,1398-12-12
2020-03-03,486,3,349,2,1342989,150500,1275803,217686,37556954841,4225713860,35705759997,6076908704,27965.19914980689,27986.89139075547,28077.83295681063,27915.93719393989,67186.0,1398-12-13
2020-03-04,946,2,339,4,2586926,190000,1573731,1203195,70616454302,5209164510,43137435981,32688182831,27297.43885290882,27410.933622709344,27416.655315789478,27167.818043625517,1013195.0,1398-12-14
2020-03-07,432,2,329,5,1202063,41000,1145340,97723,32321786857,1086622000,30771172978,2637235879,26888.59640218524,26866.409082019312,26502.975609756097,26986.849349692497,56723.0,1398-12-17
2020-03-09,586,4,250,2,1067503,112441,1167703,12241,27654933955,2888807800,30221915259,321826496,25906.188511882403,25881.5086190581,25691.76545921861,26290.866432481005,-100200.0,1398-12-19
2020-03-10,378,1,245,3,817946,26007,780461,63492,21607436264,698770260,20624292824,1681913700,26416.70264785206,26425.78274122602,26868.54539162533,26490.167265167263,37485.0,1398-12-20
2020-03-11,364,1,259,3,621918,63437,652205,33150,16896778581,1722165980,17717098713,901845848,27168.820617830646,27164.92316526245,27147.65799139304,27205.002956259428,-30287.0,1398-12-21
2020-03-14,395,2,161,1,620950,260000,830950,50000,15826419104,6613720000,21173839104,1266300000,25487.42910701345,25481.4839689512,25437.384615384617,25326.0,-210000.0,1398-12-24
2020-03-15,229,1,87,1,335675,29975,279324,86326,8355677763,747550100,6957171856,2146056007,24892.1658240858,24907.175380561643,24939.119266055044,24859.90323888516,56351.0,1398-12-25
2020-03-16,273,1,134,1,571498,10000,561147,20351,14937108374,263700000,14662162574,538645800,26136.76403766942,26128.915549757905,26370.0,26467.78045304899,10351.0,1398-12-26
2020-03-17,217,4,244,3,1421473,1394052,2312035,503490,37799200296,37624909414,61803951014,13620158696,26591.571064663203,26731.408051348702,26989.60254997661,27051.4979364039,-890562.0,1398-12-27
2020-03-18,294,3,235,4,1036635,241066,987355,290346,29103040506,6779561726,27717991844,8164610388,28074.530095935406,28072.974607917116,28123.25971310761,28120.27852286582,49280.0,1398-12-28
2020-03-24,185,2,110,2,1026184,18565,344749,700000,29814749936,539387510,10016337446,20337800000,29054.0,29054.0,29054.0,29054.0,681435.0,1399-01-05
2020-03-25,399,0,90,3,1815219,0,193219,1622000,54264156786,0,5776088786,48488068000,29894.0,29894.0,,29894.0,1622000.0,1399-01-06
2020-03-28,67,1,91,5,817009,500000,65128,1251881,25644278492,15694000000,2044237664,39294040828,31388.0,31388.0,31388.0,31388.0,751881.0,1399-01-09
2020-03-29,844,3,292,2,2473944,360000,2662875,171069,80450684915,11744280000,86614180928,5580783987,32519.20209794563,32526.566559827254,32623.0,32623.0,-188931.0,1399-01-10
2020-03-30,1013,3,600,1,2704900,104690,2699590,110000,90625064618,3564401640,90432086258,3757380000,33504.035128100855,33498.45208272367,34047.20259814691,34158.0,5310.0,1399-01-11
2020-04-04,607,2,195,3,2475962,250100,476062,2250000,87153189670,8803520000,16756709670,79200000000,35199.72829550696,35198.58688574177,35200.0,35200.0,1999900.0,1399-01-16
2020-04-05,1432,2,552,2,2847470,281000,2628470,500000,104257890812,10333571590,96155906628,18435555774,36614.21922338076,36582.46304047602,36774.276120996445,36871.111548,219000.0,1399-01-17
2020-04-06,746,6,901,3,3122680,1854200,2978180,1998700,109353723941,64902679113,104662238857,69594164197,35019.189907707485,35143.01985004264,35003.06283734225,34819.71491319357,144500.0,1399-01-18
2020-04-07,751,3,692,3,1831631,131775,1947706,15700,62949131472,4604877384,67007736856,546272000,34367.80196011096,34403.4145071176,34945.000068298235,34794.3949044586,-116075.0,1399-01-19
2020-04-08,586,1,512,2,2064519,20000,1743175,341344,73626732302,714575139,62135933234,12205374207,35662.89886506252,35645.264092245474,35728.75695,35756.81484660636,321344.0,1399-01-20
2020-04-11,695,2,346,5,2806268,370000,1549192,1627076,104882541225,13839639340,57816366310,60905814255,37374.38520661605,37320.33622042975,37404.430648648646,37432.67939235782,1257076.0,1399-01-23
2020-04-12,167,1,121,3,378304,995781,549085,825000,14846918784,39080421126,21549389910,32377950000,39246.0,39246.0,39246.0,39246.0,-170781.0,1399-01-24
2020-04-14,416,3,521,19,1187051,219466,1246517,160000,47159048729,8687679370,49525135607,6321592492,39727.90446998486,39730.81442691917,39585.53657514148,39509.953075,-59466.0,1399-01-26
2020-04-15,888,1,1007,5,3755208,1913,2522022,1235099,153054208950,79754883,101686538289,51447425544,40757.8512162309,40319.44935016427,41691.0,41654.49534328827,1233186.0,1399-01-27
2020-04-18,648,0,162,3,1386171,0,386171,1000000,59321187945,0,16526187945,42795000000,42795.0,42795.0,,42795.0,1000000.0,1399-01-30
2020-04-19,731,2,374,3,2324018,253323,1917874,659467,103492861803,11382815682,85243187307,29632490178,44531.867568581656,44446.708859393264,44934.0,44934.0,406144.0,1399-01-31
2020-04-20,545,1,380,1,1852788,129108,1846896,135000,85827158289,6023688916,85564972205,6285875000,46323.2481476564,46329.06899197356,46656.20190847972,46562.03703703704,5892.0,1399-02-01
2020-04-21,1147,2,528,1,1930766,36619,1947385,20000,91004142583,1703839061,91764981644,943000000,47133.69853363898,47122.15696639339,46528.82550042328,47150.0,-16619.0,1399-02-02
2020-04-22,987,2,721,0,2015826,61934,2077760,0,92716222343,2877375110,95593597453,0,45994.15938826069,46008.00739883336,46458.73203733006,,-61934.0,1399-02-03
2020-04-25,1345,4,622,3,2342907,414197,2745554,11550,110737247310,19441077934,129641797599,536527645,47264.89242210639,47218.81179499657,46936.79078795839,46452.60995670996,-402647.0,1399-02-06
2020-04-26,1390,3,805,2,3387684,34177,2667312,754549,154579957005,1573552250,122287845556,33865663699,45629.98113312812,45846.84714649055,46041.26313017526,44881.994010992,720372.0,1399-02-07
2020-04-27,1583,5,989,4,5762135,1013943,2849551,3926527,250432692382,44036505018,124040839399,170428358001,43461.78844855249,43529.95942132638,43430.94731952388,43404.35147930983,2912584.0,1399-02-08
2020-04-28,1157,3,683,9,2552965,300250,1546097,1307118,115422529005,13658905463,69703112752,59378321716,45211.16780096868,45083.27275196835,45491.77506411324,45426.90232710436,1006868.0,1399-02-09
2020-04-29,1404,2,545,3,3137803,300000,2278152,1159651,148935141818,14239526774,108106669132,55067999460,47464.78406005731,47453.66820651124,47465.08924666667,47486.70027447913,859651.0,1399-02-10
2020-05-02,1470,5,574,4,3820728,1070000,2012497,2878231,189654742879,53322045025,100007761638,142969026266,49638.37857052373,49693.37178539894,49833.68693925234,49672.53367294008,1808231.0,1399-02-13
2020-05-03,809,2,211,2,2067687,400000,447687,2020000,107860892355,20866000000,23353592355,105373300000,52165.0,52165.0,52165.0,52165.0,1620000.0,1399-02-14
2020-05-04,1556,2,754,4,4579439,1307219,4056658,1830000,248966244691,71600297287,220331981978,100234560000,54366.101326166805,54313.66952254787,54772.99311515515,54772.983606557376,522781.0,1399-02-15
2020-05-05,1742,5,921,4,3196898,341049,3516308,21639,171276823340,18026488406,188118411186,1184900560,53575.94247298475,53498.84344204205,52856.00721890403,54757.63944729424,-319410.0,1399-02-16
2020-05-06,1085,1,735,3,1727679,20000,1510572,237107,93343077654,1060000000,81550201400,12852876254,54028.02120880094,53986.305452504086,53000.0,54207.072140426055,217107.0,1399-02-17
2020-05-09,454,0,315,2,999772,0,579772,420000,56701974117,0,32881254117,23820720000,56714.9051153663,56714.11195607929,,56716.0,420000.0,1399-02-20
2020-05-10,601,0,249,3,1422260,0,420243,1002017,84695583000,0,25025470650,59670112350,59550.0,59550.0,,59550.0,1002017.0,1399-02-21
2020-05-11,1679,2,365,7,3341577,12175,1339464,2014288,208934351771,761266225,83748232220,125947385776,62525.673288689744,62523.69023728895,62527.0,62527.0,2002113.0,1399-02-22
2020-05-12,2528,3,1154,6,4106125,463445,3219198,1350372,255504749003,28282112292,196935922325,86850938970,62225.27297707693,61175.461194061376,61025.822464370096,64316.30615119389,886927.0,1399-02-23
2020-05-13,1654,2,984,3,2911798,140215,2352013,700000,186891438647,9088839884,150428378531,45551900000,64184.20462099362,63957.29042781652,64820.73875120351,65074.142857142855,559785.0,1399-02-24
2020-05-16,2108,3,1048,5,2508734,25180,2454099,79815,160234217974,1560649120,156737723650,5057143444,63870.549039475685,63867.72646498776,61979.71088165211,63360.81493453612,54635.0,1399-02-27
2020-05-17,1622,4,938,5,2240917,227209,2195648,272478,141072894594,14234723991,137919709458,17387909127,62953.19933491512,62815.03658965371,62650.35271930249,63813.99278840861,45269.0,1399-02-28
2020-05-18,525,0,159,2,689457,0,389457,300000,45553113447,0,25731813447,19821300000,66071.0,66071.0,,66071.0,300000.0,1399-02-29
2020-05-19,1863,2,750,2,5676522,200000,3130466,2746056,409114908922,14489000000,226562832002,197041076920,72071.40374370081,72373.51627585158,72445.0,71754.20928050994,2546056.0,1399-02-30
2020-06-01,586,2,706,2,5732250,360488,4162738,1930000,207995460000,13003294488,150069324488,70929430000,36285.13410964281,36050.62929446917,36071.36572645969,36751.0,1569512.0,1399-03-12
2020-06-02,214,3,337,2,1375802,3289772,415574,4250000,52397419170,125290966620,15827135790,161861250000,38085.0,38085.0,38085.0,38085.0,960228.0,1399-03-13
2020-06-06,2377,10,2352,2,7794695,2070892,9730060,135527,300923581470,80185773147,375834691630,5274662987,38606.2035102079,38626.143274553295,38720.40316298484,38919.64691168549,-1935365.0,1399-03-17
2020-06-07,934,2,545,4,4366811,920580,1470044,3817347,176893203155,37296233902,59355125390,154834311667,40508.55490539893,40376.42777359045,40513.84334006822,40560.711841758166,2896767.0,1399-03-18
2020-06-10,143,0,54,0,294335,0,294335,0,13818733915,0,13818733915,0,46949.0,46949.0,,,0.0,1399-03-21
2020-06-13,685,3,399,3,1957990,1745616,949443,2754163,86249459500,76894384800,41822964150,121320880150,44050.0,44050.0,44050.0,44050.0,1008547.0,1399-03-24
2020-06-14,69,20,316,2,1055750,4103498,909248,4250000,48830549000,189794989496,42054538496,196571000000,46252.0,46252.0,46252.0,46252.0,146502.0,1399-03-25
2020-06-15,237,1,276,5,1014275,200000,456907,757368,49257251100,9712800000,22189231548,36780819552,48564.0,48564.0,48564.0,48564.0,557368.0,1399-03-26
2020-06-16,694,0,280,1,1592627,0,692627,900000,81211235984,0,35318435984,45892800000,50992.0,50992.0,,50992.0,900000.0,1399-03-27
2020-06-20,3514,5,1942,3,5826664,799876,6506517,120023,300878741169,42547943837,337281249727,6145435279,51638.25152248354,51837.45001004377,53193.17473833444,51202.14691350824,-679853.0,1399-03-31
2020-06-21,770,1,100,0,876093,50000,926093,0,43134438855,2461750000,45596188855,0,49235.0,49235.0,49235.0,,-50000.0,1399-04-01
2020-06-22,898,1,29,0,749396,250000,999396,0,35154915756,11727750000,46882665756,0,46911.0,46911.0,46911.0,,-250000.0,1399-04-02
2020-06-23,6008,8,6438,10,40124996,616024,40080386,660634,1870146473249,28806318922,1868621602797,30331189374,46608.01644064961,46621.8464761542,46761.68285975871,45912.24395656294,44610.0,1399-04-03
2020-06-24,1323,3,1010,5,8931286,1153760,5039140,5045906,432296864506,55920070003,245761541914,242455392595,48402.53290578759,48770.53265319082,48467.67958934267,48049.92256990122,3892146.0,1399-04-04
2020-06-27,2407,5,1354,1,5943569,2034553,7880051,98071,293289036614,99705886871,388167147361,4827776124,49345.60978664503,49259.4714629385,49006.28632972451,49227.35695567497,-1936482.0,1399-04-07
2020-06-28,1822,10,1891,4,4654243,5562560,8610295,1606508,218917639040,261255641756,404477249592,75696031204,47036.14294311663,46976.00367838733,46966.79977492378,47118.36555062284,-3956052.0,1399-04-08
2020-06-29,1711,5,1627,3,4336914,1722521,5844435,215000,195231879913,77914862240,263517154581,9629587572,45016.31342309301,45088.559387006615,45233.040549287936,44788.77940465116,-1507521.0,1399-04-09
2020-06-30,2062,3,1906,3,4940110,488000,5259565,168545,227637565791,22516858766,242379047705,7775376852,46079.452844369865,46083.47795017269,46141.104028688525,46132.34953276573,-319455.0,1399-04-10
2020-07-01,2007,5,2210,3,5658162,2732662,8310824,80000,251677036379,122878612304,370896817883,3658830800,44480.35181371619,44628.16417277035,44966.63411135369,45735.385,-2652662.0,1399-04-11
2020-07-04,1952,5,1593,3,4804767,1228950,5905907,127810,207560084477,52252265652,254263947907,5548402222,43198.78247519599,43052.48083097144,42517.812483827656,43411.33105390814,-1101140.0,1399-04-14
2020-07-05,1876,4,1571,6,5380922,1581826,5573065,1389683,238521996912,70083329047,245935154194,62670171765,44327.34704424261,44129.24561152615,44305.33386541883,45096.73915921833,-192143.0,1399-04-15
2020-07-06,1374,5,760,4,2738930,759412,2993774,504568,126828537084,35336916094,138683867594,23481585584,46305.87020624842,46324.09380066765,46531.94325873176,46538.0,-254844.0,1399-04-16
2020-07-07,1965,6,1119,3,3843877,2987000,6610059,220818,169985896548,131575036000,291823429464,9737503084,44222.51194510126,44148.38497871199,44049.22530967526,44097.41544620457,-2766182.0,1399-04-17
2020-07-08,1582,4,1322,2,3473674,1866809,5317939,22544,147228682253,81798270074,228038772327,988180000,42384.139171666655,42881.04326262487,43817.16076684867,43833.392476934,-1844265.0,1399-04-18
2020-07-11,1064,4,1308,7,3810904,1441650,4711972,540582,158212367583,60388103126,196118642310,22481828399,41515.70535048902,41621.351381120265,41888.1858467728,41588.19272376809,-901068.0,1399-04-21
2020-07-12,84,2,283,3,1210907,232980,843887,600000,52914214086,10180760040,36876174126,26218800000,43698.0,43698.0,43698.0,43698.0,367020.0,1399-04-22
2020-07-13,1414,3,1302,6,4639056,1306513,5022553,923016,210169182581,59681904450,227568737908,42282349123,45304.29953443114,45309.37511420985,45680.29897138414,45808.9016040892,-383497.0,1399-04-23
2020-07-14,831,4,732,7,1868177,1212777,2359087,721867,81961641234,53898095701,104492241832,31367495103,43872.52451668124,44293.50923980337,44441.88478261049,43453.28862934585,-490910.0,1399-04-24
2020-07-15,918,4,1095,8,2844554,1134822,3458818,520558,119489599905,47786066468,145454933292,21820733081,42006.44456213522,42053.36426837145,42108.86506253844,41917.96702961053,-614264.0,1399-04-25
2020-07-18,1414,3,1199,6,3896534,1573122,4863756,605900,169050667619,68871658480,211497825778,26424500321,43384.88195380818,43484.46463556149,43780.23985425161,43611.98270506684,-967222.0,1399-04-28
2020-07-19,1247,1,915,4,3101126,1722830,4733974,89982,143085727322,78681461200,217644834609,4122353913,46139.92702070152,45975.08026216451,45669.89267658446,45813.0949856638,-1632848.0,1399-04-29
2020-07-20,1293,5,1683,3,4090985,5491641,6784942,2797684,189112482501,259288260687,314442270719,133958472469,46226.63796151782,46344.13539850451,47215.078459607976,47881.91678152358,-2693957.0,1399-04-30
2020-07-21,898,2,988,1,1960617,1336497,2610676,686438,89443994734,63517010958,119288628652,33672377040,45620.33009710719,45692.6208583524,47524.99329066956,49053.77767547834,-650059.0,1399-04-31
2020-07-22,403,2,370,1,1132062,320400,1239712,212750,50017189655,14230981600,54764988335,9483182920,44182.37663219859,44175.57330654217,44416.29712858926,44574.30279670975,-107650.0,1399-05-01
2020-07-25,1390,1,1164,4,3840000,150000,3571428,418572,162216234105,6306220000,150887040747,17635413358,42243.81096484375,42248.378168900505,42041.46666666667,42132.32934357769,268572.0,1399-05-04
2020-07-26,1529,7,1180,3,5030686,2320032,6090121,1260597,206919227522,97514488101,249487106988,54946608635,41131.41379167772,40965.87029847191,42031.52719488352,43587.767252341546,-1059435.0,1399-05-05
2020-07-27,890,4,786,4,2115127,745974,2627092,234009,83600893514,29392996923,103777107003,9216783434,39525.235843521456,39502.65426677102,39402.17343097749,39386.4485297574,-511965.0,1399-05-06
2020-07-28,905,6,1671,3,2789926,3394764,5909690,275000,107541865523,133607073801,230263172194,10885767130,38546.49389374485,38963.66343987586,39356.80766056197,39584.60774545455,-3119764.0,1399-05-07
2020-07-29,172,5,655,3,1245013,2254483,1749496,1750000,50967533841,92294474480,71617008321,71645000000,40937.35072726148,40935.79426360506,40938.19934769967,40940.0,-504483.0,1399-05-08
2020-08-01,91,1,310,2,2033479,400000,433479,2000000,87407061336,17193600000,18632661336,85968000000,42984.0,42984.0,42984.0,42984.0,1600000.0,1399-05-11
2020-08-02,61,4,334,3,1059652,1679187,487839,2251000,47825273716,75786746871,22017637587,101594383000,45133.0,45133.0,45133.0,45133.0,571813.0,1399-05-12
2020-08-03,165,6,547,2,2518581,2143928,2312509,2350000,119353035009,101598603992,109587489001,111364150000,47389.0,47389.0,47389.0,47389.0,206072.0,1399-05-13
2020-08-04,24,2,610,4,1005923,592760,879541,719142,50052716634,29494552080,43764201078,35783067636,49758.0,49758.0,49758.0,49758.0,126382.0,1399-05-14
2020-08-05,273,5,659,5,3475545,1835635,1238180,4073000,181579848525,95902750575,64688714100,212793885000,52245.0,52245.0,52245.0,52245.0,2237365.0,1399-05-15
2020-08-09,393,2,524,2,1754759,444753,1781951,417561,96260814463,24397815321,97752486007,22906143777,54857.0,54857.0,54857.0,54857.0,-27192.0,1399-05-19
2020-08-10,57,6,649,1,2948298,4293349,2241647,5000000,169819016502,247292609051,129116625553,287995000000,57599.0,57599.0,57599.0,57599.0,706651.0,1399-05-20
2020-08-11,1941,11,2390,8,10811098,9966464,15514302,5263260,652184158344,600410718078,934754582354,317840294068,60325.432101716215,60251.15292676396,60243.10307828333,60388.48433632388,-4703204.0,1399-05-21
2020-08-12,22,2,515,2,971117,543065,1064182,450000,61471706100,34376014500,67362720600,28485000000,63300.0,63300.0,63300.0,63300.0,-93065.0,1399-05-22
2020-08-15,1454,8,1751,11,6665967,2425776,8432154,659589,440424793353,160395949237,557007983170,43812759420,66070.65311799473,66057.61507320667,66121.50059898358,66424.33306195222,-1766187.0,1399-05-25
2020-08-16,798,4,195,1,1389725,990000,2129725,250000,89623117225,65212200000,137865317225,16970000000,64489.82152943928,64733.85870241463,65870.90909090909,67880.0,-740000.0,1399-05-26
2020-08-17,1337,9,3434,10,13973306,4363642,15077601,3259347,911191147110,291880934813,982306774950,220765306973,65209.41766465287,65150.0709529321,66889.29449597378,67732.98669119918,-1104295.0,1399-05-27
2020-08-18,1283,5,1025,2,3929660,1029703,4579363,380000,268300081608,70695320756,312884531562,26110870802,68275.64766621031,68324.90273472533,68656.03067680681,68712.8179,-649703.0,1399-05-28
2020-08-19,423,2,236,0,746546,251551,998097,0,48756383568,16335218838,65091602406,0,65309.28243939422,65215.70789813014,64938.0,,-251551.0,1399-05-29
2020-08-22,868,4,1132,1,2935983,919113,3835096,20000,186201737949,60170007755,245053645704,1318100000,63420.57769033404,63897.65620052275,65465.29942999392,65905.0,-899113.0,1399-06-01
2020-08-23,455,4,841,5,2145207,4642288,3684631,3102864,132507014516,283183961590,226448308398,189242667708,61768.87103016166,61457.52679114951,61000.94642770979,60989.67525099392,-1539424.0,1399-06-02
2020-08-24,213,1,234,1,611582,250000,704980,156602,35991896948,14587526040,41468005424,9111417564,58850.484396205255,58821.53454566087,58350.10416,58182.0,-93398.0,1399-06-03
2020-08-25,1010,4,924,8,4937304,5858871,3874951,6921224,296078139799,355950748879,231159673878,420869214800,59967.5733556208,59654.86373324462,60754.15363796199,60808.49497140968,1062353.0,1399-06-04
2020-08-26,938,6,307,3,2896279,2123186,1269465,3750000,183589593926,134420147622,80434521548,237575220000,63388.090003069454,63360.96036361774,63310.58495204848,63353.392,1626814.0,1399-06-05
2020-08-31,1365,7,1032,10,3881395,4251745,7392929,740211,250361069879,279982785548,481605633513,48738221914,64502.8578330729,65144.09018577076,65851.26472730609,65843.68769715662,-3511534.0,1399-06-10
2020-09-01,342,3,206,0,663975,176266,840241,0,41164058267,10933472726,52097530993,0,61996.39785684702,62003.08125049837,62028.25687313493,,-176266.0,1399-06-11
2020-09-02,252,7,665,3,1323852,2384390,3692284,15958,78331754647,144510004165,221873913822,967844990,59169.57080323178,60091.23724556399,60606.69779901778,60649.51685674897,-2368432.0,1399-06-12
2020-09-05,679,11,874,7,2950278,5139617,2768214,5321681,185158654492,323198666960,173064828632,335292492820,62759.731283628185,62518.58730286026,62883.803785379336,63004.99650768244,182064.0,1399-06-15
2020-09-06,1008,5,930,4,4373396,3499465,4327770,3545091,284186210647,227848040539,280067780706,231966470480,64980.671918801774,64714.10927706417,65109.392589724426,65433.14980630963,45626.0,1399-06-16
2020-09-07,202,3,186,0,641540,600300,1241840,0,39644018109,37437707658,77081725767,0,61795.083874738906,62070.577342491786,62364.99693153423,,-600300.0,1399-06-17
2020-09-08,53,0,2,0,30184,0,30184,0,1779890112,0,1779890112,0,58968.0,58968.0,,,0.0,1399-06-18
2020-09-09,334,1,34,1,1635288,10000,572066,1073222,96254686968,588610000,33672376826,63170920142,58861.0,58861.0,58861.0,58861.0,1063222.0,1399-06-19
2020-09-12,629,6,743,5,1473873,4115768,2485429,3104212,89852990552,254004613110,152089063454,191768540208,60963.86225407481,61192.27845736088,61714.99781085814,61776.88257374174,-1011556.0,1399-06-22
2020-09-13,512,4,515,3,1946182,4886287,2794649,4037820,115494675454,304369696089,167416811911,252447559632,59344.23165664877,59906.20357368671,62290.589171082254,62520.75615852118,-848467.0,1399-06-23
2020-09-14,391,3,637,7,4038900,6974396,2457817,8555479,256727130051,449415809053,155733892661,550409046443,63563.62624749313,63362.68837793863,64437.95406125491,64334.10057379605,1581083.0,1399-06-24
2020-09-15,867,6,671,7,3953547,4831983,2733151,6052379,265554550766,325012962436,183366193919,407201319283,67168.6844157917,67089.66826896867,67262.8530431502,67279.54731238741,1220396.0,1399-06-25
2020-09-16,1020,12,1160,3,4006132,5272514,4688214,4590432,277195227438,370246860668,324400698916,323041389190,69192.73439766838,69194.94266174709,70222.07255741757,70372.76430410036,-682082.0,1399-06-26
2020-09-19,543,5,861,2,1383670,4767665,1832903,4318432,97852081952,347569238400,129935649152,315485671200,70719.23359760636,70890.63041088372,72901.35493999683,73055.6070351461,-449233.0,1399-06-29
2020-09-20,341,4,378,1,672130,1687208,916720,1442618,46501952237,122424829048,63759929085,105166852200,69185.9494993528,69552.23959878698,72560.60251492406,72900.0,-244590.0,1399-06-30
2020-09-21,108,0,23,0,137713,0,137713,0,9367238260,0,9367238260,0,68020.0,68020.0,,,0.0,1399-06-31
2020-09-22,248,0,309,0,993838,0,993838,0,67747251075,0,67747251075,0,68167.2979650607,68167.2979650607,,,0.0,1399-07-01
2020-09-23,488,4,778,5,1726304,5970220,2550090,5146434,114901018327,420301609892,172679852465,362522775754,66558.97126288302,67715.19925375182,70399.68542063776,70441.5476335653,-823786.0,1399-07-02
2020-09-26,562,5,1014,5,1669392,5209215,3882507,2996100,118852313264,376547281963,276882608487,218516986740,71194.9699435483,71315.41771515158,72284.84175888306,72933.80953239212,-2213115.0,1399-07-05
2020-09-27,307,4,271,3,1278632,1756802,1602669,1432765,89029081317,127240146539,113963102053,102306125803,69628.38511549844,71108.32121479856,72427.14121397858,71404.67962506063,-324037.0,1399-07-06
2020-09-28,71,1,7,0,86674,50000,136674,0,5866616364,3384300000,9250916364,0,67686.0,67686.0,67686.0,,-50000.0,1399-07-07
2020-09-29,150,0,5,0,180851,0,180851,0,12124793593,0,12124793593,0,67043.0,67043.0,,,0.0,1399-07-08
2020-09-30,804,8,823,4,3236638,4806270,3918892,4124016,221765452765,348621236365,269318052230,301068636900,68517.22459076362,68723.00952156885,72534.6758224153,73003.7509311312,-682254.0,1399-07-09
2020-10-03,640,9,820,7,1022608,4960607,2234685,3748530,72062639011,356096893964,158578706005,269580826970,70469.46533862437,70962.44258363036,71784.94364983962,71916.41175874276,-1212077.0,1399-07-12
2020-10-04,268,4,86,0,480185,139400,619585,0,32797526746,9512338800,42309865546,0,68301.8560471485,68287.42714236143,68237.72453371593,,-139400.0,1399-07-13
2020-10-05,144,2,26,0,102865,115600,218465,0,6711941250,7542900000,14254841250,0,65250.0,65250.0,65250.0,,-115600.0,1399-07-14
2020-10-06,130,3,98,1,230682,2008482,287504,1951660,15585962081,140483702312,19453464393,136616200000,67564.70847747115,67663.28257345984,69945.21350552308,70000.0,-56822.0,1399-07-15
2020-10-07,336,2,157,1,517967,23182,250869,290280,34754255720,1535708630,16994542900,19295421450,67097.4323074636,67742.6979818152,66245.73505305841,66471.75640760644,267098.0,1399-07-16
2020-10-10,164,0,1,0,156807,0,156807,0,10081278837,0,10081278837,0,64291.0,64291.0,,,0.0,1399-07-19
2020-10-11,775,2,568,3,2495691,2166,2095862,401995,159965675546,139199480,134432691760,25672183266,64096.74737217067,64141.95770523059,64265.68790397045,63861.9467058048,399829.0,1399-07-20
2020-10-12,654,8,983,6,3278329,2605389,4888770,994948,200537859895,161615777937,300218395256,61935242576,61170.754947108726,61409.80149526364,62031.34270429483,62249.72820288096,-1610441.0,1399-07-21
2020-10-13,676,1,327,2,1711690,1132428,864412,1979706,102958277003,66452807920,53383326332,116027758591,60150.07215266783,61756.808480215455,58681.70684582154,58608.58056246736,847278.0,1399-07-22
2020-10-14,656,6,643,5,1906101,2721231,3470707,1156625,108519232986,156260397018,198945787165,65833842839,56932.5722960116,57321.40084570665,57422.68738596613,56918.91740105912,-1564606.0,1399-07-23
2020-10-18,944,3,762,9,3181421,613773,2938384,856810,190390812174,36493393940,175409007694,51475198420,59844.582711310446,59695.740139478025,59457.476852191285,60077.728341172486,243037.0,1399-07-27
2020-10-19,670,5,573,3,1394879,862155,2206034,51000,82470773914,50139009201,129610713731,2999069384,59123.96266199434,58752.81783100352,58155.4467595734,58805.28203921569,-811155.0,1399-07-28
2020-10-20,172,2,16,0,143097,55000,198097,0,7987245249,3069935000,11057180249,0,55817.0,55817.0,55817.0,,-55000.0,1399-07-29
2020-10-21,641,6,470,3,1420894,355656,1740080,36470,80143144138,19758481153,97826174287,2075451004,56403.32363849802,56219.35444749667,55555.03394572283,56908.44540718399,-319186.0,1399-07-30
2020-10-24,61,0,11,0,90103,0,90103,0,4813482466,0,4813482466,0,53422.0,53422.0,,,0.0,1399-08-03
2020-10-26,56,1,3,1,261932,78000,8844,331088,13921947732,4145778000,470067444,17597658288,53151.0,53151.0,53151.0,53151.0,253088.0,1399-08-05
2020-10-27,42,0,1,0,46437,0,46437,0,2421039432,0,2421039432,0,52136.0,52136.0,,,0.0,1399-08-06
2020-10-28,74,0,6,0,196530,0,196530,0,10219560000,0,10219560000,0,52000.0,52000.0,,,0.0,1399-08-07
2020-10-31,601,4,519,7,1844577,2849572,2316562,2377587,94943826931,146647686100,119192211423,122399301608,51471.86966496926,51452.20003738299,51463.05694328833,51480.47226368583,-471985.0,1399-08-10
2020-11-01,394,3,269,2,966370,401000,1246094,121276,47598663416,19606494000,61205861002,5999296414,49255.112861533366,49118.17326943232,48894.0,49468.12571324912,-279724.0,1399-08-11
2020-11-02,68,1,10,0,119077,10000,129077,0,5559943284,466920000,6026863284,0,46692.0,46692.0,46692.0,,-10000.0,1399-08-12
2020-11-04,78,0,18,0,138314,0,138314,0,6413066924,0,6413066924,0,46366.0,46366.0,,,0.0,1399-08-14
2020-11-07,22,0,2,0,9510,0,9510,0,437640690,0,437640690,0,46019.0,46019.0,,,0.0,1399-08-17
2020-11-08,20,0,2,0,33959,0,33959,0,1562080041,0,1562080041,0,45999.0,45999.0,,,0.0,1399-08-18
2020-11-09,43,0,7,0,46960,0,46960,0,2156544080,0,2156544080,0,45923.0,45923.0,,,0.0,1399-08-19
2020-11-10,34,0,53,0,194140,0,194140,0,8895106520,0,8895106520,0,45818.0,45818.0,,,0.0,1399-08-20
2020-11-11,695,3,598,3,2431061,872237,2081486,1221812,110844026689,40266654321,94812931876,56297749134,45594.917893462974,45550.59792667354,46164.80878591484,46077.25994997594,349575.0,1399-08-21
2020-11-14,768,4,574,6,2093391,2907328,2101128,2899591,97462280424,136590499420,97845080913,136207698931,46557.1316700989,46567.88206763224,46981.454937317016,46974.797111385706,-7737.0,1399-08-24
2020-11-15,400,4,426,5,1493612,3730009,3709636,1513985,67539036266,166067922632,166136695847,67470263051,45218.59510100348,44785.174568879534,44522.12384259663,44564.68396384377,-2216024.0,1399-08-25
2020-11-16,538,4,600,6,2638735,3215479,2098216,3755998,121742666195,149072714647,96284785264,174530595578,46136.75348036086,45888.88144213942,46360.96663887402,46467.16946547895,540519.0,1399-08-26
2020-11-17,763,3,466,6,3176685,3231022,2068959,4338748,153413540355,156937941647,99709212798,210642269204,48293.5954792496,48192.93799345468,48572.22935869827,48549.09047587,1107726.0,1399-08-27
2020-11-18,752,2,405,4,1750957,1727791,1740834,1737914,87752504396,86444934910,87194103848,87003335458,50116.88145168614,50087.54645646857,50032.05532960873,50061.93370788198,10123.0,1399-08-28
2020-11-21,566,4,669,9,1289871,3759088,2424643,2624316,63602215830,191176558761,120763542757,134015231834,49308.97417648742,49806.73144747495,50857.16502539978,51066.72818136231,-1134772.0,1399-09-01
2020-11-22,1297,3,844,7,6278730,1489086,4143991,3623825,318769562914,74605195947,207974395196,185400363665,50769.75167175528,50186.9804244266,50101.33460861226,51161.51129400564,2134739.0,1399-09-02
2020-11-23,1721,2,863,3,2927392,377723,2716125,588990,151356770374,19501197364,140503836103,30354131635,51703.62232799707,51729.51764112477,51628.30265564977,51535.90321567429,211267.0,1399-09-03
2020-11-24,661,5,691,4,1634713,849433,2054861,429285,81159023661,42230924243,102078534960,21311412944,49647.26142203555,49676.61314317611,49716.60418538013,49643.97298764224,-420148.0,1399-09-04
2020-11-25,770,4,814,3,2523769,751846,2799125,476490,119829914078,35903588813,132881699579,22851803312,47480.53965240083,47472.585032465504,47753.9134516909,47958.62098260194,-275356.0,1399-09-05
2020-11-28,1101,5,897,2,3580780,308329,3432015,457094,165376271173,14124753791,158343650113,21157374851,46184.4266257631,46137.22554038954,45810.65612057251,46286.70437809291,148765.0,1399-09-08
2020-11-29,1536,4,789,7,5493138,106498,3095202,2504434,265459852194,5130829022,149387459392,121203221824,48325.7205979533,48264.2035615123,48177.70307423614,48395.45455140762,2397936.0,1399-09-09
2020-11-30,1044,9,834,2,2102951,739575,2591723,250803,102937045528,36343896722,127024766622,12256175628,48948.85593054712,49011.7063521063,49141.597163235645,48867.73933326156,-488772.0,1399-09-10
2020-12-01,1289,2,505,3,2463869,734935,2100165,1098639,115398542571,34547040005,98506839099,51438743477,46836.31417538838,46904.33327809958,47006.93259267826,46820.42370332749,363704.0,1399-09-11
2020-12-02,1161,3,740,6,3117296,884283,2568452,1433127,140266726192,39633566008,115804731050,64095561150,44996.28081260169,45087.36431515948,44820.00220291468,44724.27157537329,548844.0,1399-09-12
2020-12-05,1186,4,654,5,4169715,1388745,3546260,2012200,188386249961,63334757575,160509675692,91211331844,45179.64656121581,45261.6772859294,45605.75020972173,45329.15805784713,623455.0,1399-09-15
2020-12-06,1340,4,763,4,4260000,1311559,3389078,2182481,198173454824,61235044112,157980337218,101428161718,46519.5903342723,46614.54744269681,46688.74531149571,46473.789104235046,870922.0,1399-09-16
2020-12-07,1078,3,877,3,2588455,1204111,2655805,1136761,120927222881,56378464852,123922198934,53383488799,46717.9158536656,46660.880197906095,46821.650871057565,46961.04880357437,-67350.0,1399-09-17
2020-12-08,919,3,707,5,1950932,847656,1984055,814533,89352243326,38814478496,90918492833,37248228989,45799.77330117093,45824.58290369975,45790.36601640288,45729.55176647232,-33123.0,1399-09-18
2020-12-09,808,5,690,7,4079049,766566,2076465,2769150,196124852686,36639694081,99607199867,133157346900,48081.02395582892,47969.60212043064,47797.1813007621,48086.0,2002584.0,1399-09-19
2020-12-12,262,1,350,3,2239710,238129,1597679,880160,112964253270,12010512373,80582135723,44392629920,50437.0,50437.0,50437.0,50437.0,642031.0,1399-09-22
2020-12-13,2069,3,1627,4,7614371,1959867,6659388,2914850,397677166104,102702549302,347825657704,152554057702,52227.18542398315,52230.87432418715,52402.81575331387,52336.84673379419,954983.0,1399-09-23
2020-12-14,2432,5,2139,11,8625760,4589890,8739100,4476550,466948238768,249217106941,472658567831,243506777878,54134.15615180576,54085.49711423373,54296.96723472676,54396.08133004211,-113340.0,1399-09-24
2020-12-15,601,2,296,2,918690,891483,1547394,262779,49181407509,48016061255,82714009262,14483459502,53534.27979949711,53453.74821280165,53860.88265844666,55116.50284840113,-628704.0,1399-09-25
2020-12-16,2725,3,1682,6,8176003,1505805,6706127,2975681,428685565659,81093810422,352189492775,157589883306,52432.16834179244,52517.569794756346,53854.12481828657,52959.2665699045,1469876.0,1399-09-26
2020-12-19,2062,2,1335,4,5840578,1698908,6610412,929074,297628218509,88420437704,338414135933,47634520280,50958.692531629575,51194.10649941335,52045.45372910128,51270.964724015525,-769834.0,1399-09-29
2020-12-20,708,1,215,1,1365517,100000,1415517,50000,66827007943,4864400000,69191407943,2500000000,48938.97911413772,48880.66193694601,48644.0,50000.0,-50000.0,1399-09-30
2020-12-21,1199,1,865,8,7048530,15000,3928213,3135317,361025691488,770460000,200859198622,160936952866,51219.997856006856,51132.46115269208,51364.0,51330.36081072504,3120317.0,1399-10-01
2020-12-22,3072,2,1514,5,7479010,8000,6652510,834500,400856700079,428476000,356430681887,44854494192,53597.56171993352,53578.37596441043,53559.5,53750.14283043739,826500.0,1399-10-02
2020-12-23,1972,2,982,4,4547061,344983,4041612,850432,255518886361,19407661689,227066786386,47859761664,56194.29481174763,56182.232828386295,56256.86392952696,56277.0,505449.0,1399-10-03
2020-12-26,3449,4,1664,5,7165757,683457,6331180,1518034,421836281235,40126915245,372387122382,89576074098,58868.34862457658,58817.96479992671,58711.68960885616,59007.94982062325,834577.0,1399-10-06
2020-12-27,755,1,313,0,1014837,477000,1491837,0,57903577387,27129201000,85032778387,0,57057.02234644578,56998.70588207693,56874.63522012578,,-477000.0,1399-10-07
2020-12-28,3400,8,3760,2,9921832,1102031,10914097,109766,546999648895,59732837660,600535208105,6197278450,55130.91220401636,55023.81077472557,54202.50216191741,56458.99868811836,-992265.0,1399-10-08
2020-12-29,3215,6,2257,8,7707272,292044,6862818,1136498,433866585672,16391722924,386423363075,63834945521,56293.14570343437,56306.80619462734,56127.57983043651,56168.110741065975,844454.0,1399-10-09
2020-12-30,1567,5,1366,2,2771360,1117733,3797978,91115,153706952933,62125073657,210874967450,4957059140,55462.64394845852,55522.95654424538,55581.31830857637,54404.42451846568,-1026618.0,1399-10-10
2021-01-02,609,1,403,1,1311896,215575,1477471,50000,69539716350,11413531903,78238248253,2715000000,53007.03436095544,52954.16847640326,52944.59887742085,54300.0,-165575.0,1399-10-13
2021-01-03,1923,8,2068,5,6315183,1642547,7227437,730293,319959199625,82941750675,365938193046,36962757254,50665.07172080366,50631.80668970203,50495.81575139098,50613.59927316844,-912254.0,1399-10-14
2021-01-04,1348,2,963,4,4033992,341911,3089257,1286646,213648121506,18018240674,163374151097,68292211083,52961.95964344996,52884.60982592255,52698.628221964194,53077.700535345386,944735.0,1399-10-15
2021-01-05,1631,5,1206,1,3126719,1151940,4248659,30000,164278785689,61557783717,224261569406,1575000000,52540.31004672949,52784.08302619721,53438.35939111412,52500.0,-1121940.0,1399-10-16
2021-01-06,30,0,40,1,115489,0,85489,30000,5935914030,0,4387914030,1548000000,51398.09012113708,51327.2354337985,,51600.0,30000.0,1399-10-17
2021-01-09,1406,5,1256,1,4700934,1460128,6145973,15089,235293199530,72970996800,307491639530,772556800,50052.43628819294,50031.40097263688,49975.75335860965,51200.0,-1445039.0,1399-10-20
2021-01-19,67,2,110,0,1695872,100450,1796322,0,35511559680,2103423000,37614982680,0,20940.0,20940.0,20940.0,,-100450.0,1399-10-30
2021-01-20,1569,2,914,7,10499942,335751,7027982,3807711,224702822002,7200793869,150192573285,81711042586,21400.386973756616,21370.654234031903,21446.827765218863,21459.360383705596,3471960.0,1399-11-01
2021-01-23,1535,2,782,5,8155838,1774255,7695656,2234437,182959886607,39856502163,172629287864,50187100906,22432.99665920289,22432.043202554796,22463.795882215352,22460.73659986833,460182.0,1399-11-04
2021-01-24,1351,6,1332,5,9169622,2387561,9363998,2193185,213060562576,56070256328,217471082489,51659736415,23235.479344295763,23224.170112915446,23484.32409810681,23554.66429644558,-194376.0,1399-11-05
2021-01-25,1364,2,734,4,11134184,417029,5896958,5654255,272160395404,10196746979,144105080372,138252062011,24443.67682481267,24437.18954281173,24450.930220680097,24450.97754010033,5237226.0,1399-11-06
2021-01-26,1150,2,1417,0,6007928,2247057,8254985,0,141153410933,52575198918,193728609851,0,23494.524390605213,23468.075332783766,23397.35882000323,,-2247057.0,1399-11-07
2021-01-27,1201,2,1441,4,6050601,6685925,9983132,2753394,136619113918,149880724410,224769789429,61730048899,22579.42870766061,22514.95717265884,22417.35054012721,22419.62062058681,-3932531.0,1399-11-08
2021-01-30,1177,3,983,2,6241005,769956,6075760,935201,144828284565,17989499509,140771685051,22046099023,23205.92349549472,23169.39527746323,23364.321479409213,23573.6478286486,165245.0,1399-11-11
2021-01-31,494,1,400,0,1610060,477000,2087060,0,35731999134,10530474000,46262473134,0,22192.96121511,22166.33596255019,22076.46540880503,,-477000.0,1399-11-12
2021-02-01,202,4,144,0,622391,343629,966020,0,13144897920,7257444480,20402342400,0,21120.0,21120.0,21120.0,,-343629.0,1399-11-13
2021-02-02,851,1,949,2,4831224,663397,5387871,106750,100453522828,13721568889,111969064217,2206027500,20792.561642349847,20781.68987657648,20683.7970159648,20665.36299765808,-556647.0,1399-11-14
2021-02-03,543,0,340,2,2544034,0,2337495,206539,51312143676,0,47209433983,4102709693,20169.59823492925,20196.592498807484,,19864.09197778628,206539.0,1399-11-15
2021-02-07,772,0,553,0,5157477,0,5157477,0,101709557118,0,101709557118,0,19720.79703273519,19720.79703273519,,,0.0,1399-11-19
2021-02-08,288,1,95,0,1363584,300,1363884,0,25602155624,5620500,25607776124,0,18775.63510865484,18775.626170554093,18735.0,,-300.0,1399-11-20
2021-02-09,1578,1,1248,1,11573571,60000,11433571,200000,215438829893,1103843540,212894473433,3648200000,18614.72400290282,18620.120820782937,18397.392333333333,18241.0,140000.0,1399-11-21
2021-02-13,1440,1,1085,2,7677009,33461,7022470,688000,145212867430,633294683,132891964344,12954197769,18915.29206622006,18923.82086986488,18926.352559696363,18828.77582703488,654539.0,1399-11-25
2021-02-14,606,1,299,0,2741381,10000,2751381,0,50925435848,185370000,51110805848,0,18576.56263321297,18576.41884130188,18537.0,,-10000.0,1399-11-26
2021-02-15,144,0,22,0,210136,0,210136,0,3825525880,0,3825525880,0,18205.0,18205.0,,,0.0,1399-11-27
2021-02-16,83,0,5,0,104041,0,104041,0,1891153257,0,1891153257,0,18177.0,18177.0,,,0.0,1399-11-28
2021-02-17,60,0,1,0,140946,0,140946,0,2560002198,0,2560002198,0,18163.0,18163.0,,,0.0,1399-11-29
2021-02-20,60,0,9,0,132950,0,132950,0,2412244800,0,2412244800,0,18144.0,18144.0,,,0.0,1399-12-02
2021-02-21,29,0,1,0,67944,0,67944,0,1231620888,0,1231620888,0,18127.0,18127.0,,,0.0,1399-12-03
2021-02-22,11,0,1,0,35103,0,35103,0,635996154,0,635996154,0,18118.0,18118.0,,,0.0,1399-12-04
2021-02-23,29,0,1,0,70748,0,70748,0,1281458524,0,1281458524,0,18113.0,18113.0,,,0.0,1399-12-05
2021-02-24,26,0,5,0,134331,0,134331,0,2431794093,0,2431794093,0,18103.0,18103.0,,,0.0,1399-12-06
2021-02-27,19,0,3,0,54027,0,54027,0,977078295,0,977078295,0,18085.0,18085.0,,,0.0,1399-12-09
2021-02-28,10,0,1,0,44261,0,44261,0,800194619,0,800194619,0,18079.0,18079.0,,,0.0,1399-12-10
2021-03-01,21,0,2,0,17187,0,17187,0,310620651,0,310620651,0,18073.0,18073.0,,,0.0,1399-12-11
2021-03-02,39,0,1,0,69007,0,69007,0,1247025497,0,1247025497,0,18071.0,18071.0,,,0.0,1399-12-12
2021-03-03,19,0,1,1,54611,0,29999,24612,986383882,0,541841938,444541944,18062.0,18062.0,,18062.0,24612.0,1399-12-13
2021-03-06,19,0,2,0,37964,0,37964,0,685440020,0,685440020,0,18055.0,18055.0,,,0.0,1399-12-16
2021-03-07,31,0,2,0,48112,0,48112,0,868421600,0,868421600,0,18050.0,18050.0,,,0.0,1399-12-17
2021-03-08,47,0,2,0,55018,0,55018,0,992689774,0,992689774,0,18043.0,18043.0,,,0.0,1399-12-18
2021-03-09,44,0,1,0,136528,0,136528,0,2462419008,0,2462419008,0,18036.0,18036.0,,,0.0,1399-12-19
2021-03-10,33,0,2,0,60400,0,60400,0,1088287200,0,1088287200,0,18018.0,18018.0,,,0.0,1399-12-20
2021-03-13,37,0,2,0,54332,0,54332,0,978519320,0,978519320,0,18010.0,18010.0,,,0.0,1399-12-23
2021-03-14,47,0,2,0,116537,0,116537,0,2098015611,0,2098015611,0,18003.0,18003.0,,,0.0,1399-12-24
2021-03-15,36,0,3,0,26425,0,26425,0,475306475,0,475306475,0,17987.0,17987.0,,,0.0,1399-12-25
2021-03-16,97,0,0,1,163158,0,0,163158,2934070314,0,0,2934070314,17983.0,,,17983.0,163158.0,1399-12-26
2021-03-17,152,0,7,0,371524,0,371524,0,6673314088,0,6673314088,0,17962.0,17962.0,,,0.0,1399-12-27
2021-03-27,79,0,6,1,242227,0,42227,200000,4339012251,0,756412251,3582600000,17913.0,17913.0,,17913.0,200000.0,1400-01-07
2021-03-28,55,0,3,0,212305,0,212305,0,3796438010,0,3796438010,0,17882.0,17882.0,,,0.0,1400-01-08
2021-03-30,38,0,4,0,61263,0,61263,0,1093789602,0,1093789602,0,17854.0,17854.0,,,0.0,1400-01-10
2021-03-31,52,0,5,0,55614,0,55614,0,992487444,0,992487444,0,17846.0,17846.0,,,0.0,1400-01-11
2021-04-03,12,0,1,0,18669,0,18669,0,333036291,0,333036291,0,17839.0,17839.0,,,0.0,1400-01-14
2021-04-04,15,0,0,1,16096,0,0,16096,287104352,0,0,287104352,17837.0,,,17837.0,16096.0,1400-01-15
2021-04-05,14,0,1,0,10454,0,10454,0,186457544,0,186457544,0,17836.0,17836.0,,,0.0,1400-01-16
2021-04-06,11,0,0,1,9079,0,0,9079,161923965,0,0,161923965,17835.0,,,17835.0,9079.0,1400-01-17
2021-04-07,5,0,1,0,4284,0,4284,0,76400856,0,76400856,0,17834.0,17834.0,,,0.0,1400-01-18
2021-04-10,13,0,1,0,15066,0,15066,0,268671978,0,268671978,0,17833.0,17833.0,,,0.0,1400-01-21
2021-04-11,10,0,2,0,5834,0,5834,0,104026054,0,104026054,0,17831.0,17831.0,,,0.0,1400-01-22
2021-04-12,15,0,1,0,11874,0,11874,0,211713420,0,211713420,0,17830.0,17830.0,,,0.0,1400-01-23
2021-04-13,57,0,6,0,64503,0,64503,0,1149959484,0,1149959484,0,17828.0,17828.0,,,0.0,1400-01-24
2021-04-20,14,0,1,0,7133,0,7133,0,125633529,0,125633529,0,17613.0,17613.0,,,0.0,1400-01-31
2021-04-21,10,0,1,0,4954,0,4954,0,86358128,0,86358128,0,17432.0,17432.0,,,0.0,1400-02-01
2021-04-24,6,0,1,0,2230,0,2230,0,38871130,0,38871130,0,17431.0,17431.0,,,0.0,1400-02-04
2021-04-25,2,0,1,0,800,0,800,0,13944800,0,13944800,0,17431.0,17431.0,,,0.0,1400-02-05
2021-04-26,12,1,1,0,12562,1000,13562,0,218968222,17431000,236399222,0,17431.0,17431.0,17431.0,,-1000.0,1400-02-06
2021-04-27,10,0,1,1,7360,0,1200,6160,128270080,0,20913600,107356480,17428.0,17428.0,,17428.0,6160.0,1400-02-07
2021-04-28,15,0,2,0,17388,0,17388,0,303038064,0,303038064,0,17428.0,17428.0,,,0.0,1400-02-08
2021-05-01,7,0,1,0,5590,0,5590,0,97405750,0,97405750,0,17425.0,17425.0,,,0.0,1400-02-11
2021-05-02,2,0,1,0,1380,0,1380,0,24045120,0,24045120,0,17424.0,17424.0,,,0.0,1400-02-12
2021-05-03,2,0,1,0,2055,0,2055,0,35806320,0,35806320,0,17424.0,17424.0,,,0.0,1400-02-13
2021-05-05,7,0,2,0,3814,0,3814,0,66455136,0,66455136,0,17424.0,17424.0,,,0.0,1400-02-15
2021-05-08,1,0,1,0,300,0,300,0,5226900,0,5226900,0,17423.0,17423.0,,,0.0,1400-02-18
